Layer,EntityType,GeometryType,VertexIndex,VertexCount,X,Y,Z,CoordinateSystem,IsClosed,Length_m,Area_sqm,Radius,Bulge,Rotation,Color,Notes,SourceFile,SourceFolder
M1200,LWPOLYLINE,Polygon,0,8,229458.721,717863.276,0,IG05/12,Yes,701.492,12125.04,,0,,BYLAYER,,06516-RZ,D:\לימודים אקדמיים\מדידות וגיאודזיה\תשפ''ו\סמסטר ב' תשפ''ו\מתמטיקה במדידות\חילוץ מהיר
M1200,LWPOLYLINE,Polygon,1,8,229495.47,717887.94,0,IG05/12,Yes,701.492,12125.04,,0,,BYLAYER,,06516-RZ,D:\לימודים אקדמיים\מדידות וגיאודזיה\תשפ''ו\סמסטר ב' תשפ''ו\מתמטיקה במדידות\חילוץ מהיר
M1200,LWPOLYLINE,Polygon,2,8,229463.7,717913.91,0,IG05/12,Yes,701.492,12125.04,,0,,BYLAYER,,06516-RZ,D:\לימודים אקדמיים\מדידות וגיאודזיה\תשפ''ו\סמסטר ב' תשפ''ו\מתמטיקה במדידות\חילוץ מהיר
M1200,LWPOLYLINE,Polygon,3,8,229197.76,717754.69,0,IG05/12,Yes,701.492,12125.04,,0,,BYLAYER,,06516-RZ,D:\לימודים אקדמיים\מדידות וגיאודזיה\תשפ''ו\סמסטר ב' תשפ''ו\מתמטיקה במדידות\חילוץ מהיר
M1200,LWPOLYLINE,Polygon,4,8,229226.237,717729.519,0,IG05/12,Yes,701.492,12125.04,,0,,BYLAYER,,06516-RZ,D:\לימודים אקדמיים\מדידות וגיאודזיה\תשפ''ו\סמסטר ב' תשפ''ו\מתמטיקה במדידות\חילוץ מהיר
M1200,LWPOLYLINE,Polygon,5,8,229347.836,717799.219,0,IG05/12,Yes,701.492,12125.04,,0,,BYLAYER,,06516-RZ,D:\לימודים אקדמיים\מדידות וגיאודזיה\תשפ''ו\סמסטר ב' תשפ''ו\מתמטיקה במדידות\חילוץ מהיר
M1200,LWPOLYLINE,Polygon,6,8,229354.891,717803.263,0,IG05/12,Yes,701.492,12125.04,,0,,BYLAYER,,06516-RZ,D:\לימודים אקדמיים\מדידות וגיאודזיה\תשפ''ו\סמסטר ב' תשפ''ו\מתמטיקה במדידות\חילוץ מהיר
M1200,LWPOLYLINE,Polygon,7,8,229426.442,717843.517,0,IG05/12,Yes,701.492,12125.04,,0,,BYLAYER,,06516-RZ,D:\לימודים אקדמיים\מדידות וגיאודזיה\תשפ''ו\סמסטר ב' תשפ''ו\מתמטיקה במדידות\חילוץ מהיר
M1200,LWPOLYLINE,Polygon,0,25,222613.297,730529.312,0,IG05/12,Yes,717.217,25308.87,,0,,BYLAYER,,06946-RZ,D:\לימודים אקדמיים\מדידות וגיאודזיה\תשפ''ו\סמסטר ב' תשפ''ו\מתמטיקה במדידות\חילוץ מהיר
M1200,LWPOLYLINE,Polygon,1,25,222619.203,730521.312,0,IG05/12,Yes,717.217,25308.87,,0,,BYLAYER,,06946-RZ,D:\לימודים אקדמיים\מדידות וגיאודזיה\תשפ''ו\סמסטר ב' תשפ''ו\מתמטיקה במדידות\חילוץ מהיר
M1200,LWPOLYLINE,Polygon,2,25,222643.094,730528.125,0,IG05/12,Yes,717.217,25308.87,,0,,BYLAYER,,06946-RZ,D:\לימודים אקדמיים\מדידות וגיאודזיה\תשפ''ו\סמסטר ב' תשפ''ו\מתמטיקה במדידות\חילוץ מהיר
M1200,LWPOLYLINE,Polygon,3,25,222648.594,730528.5,0,IG05/12,Yes,717.217,25308.87,,0,,BYLAYER,,06946-RZ,D:\לימודים אקדמיים\מדידות וגיאודזיה\תשפ''ו\סמסטר ב' תשפ''ו\מתמטיקה במדידות\חילוץ מהיר
M1200,LWPOLYLINE,Polygon,4,25,222652.906,730527.188,0,IG05/12,Yes,717.217,25308.87,,0,,BYLAYER,,06946-RZ,D:\לימודים אקדמיים\מדידות וגיאודזיה\תשפ''ו\סמסטר ב' תשפ''ו\מתמטיקה במדידות\חילוץ מהיר
M1200,LWPOLYLINE,Polygon,5,25,222659.703,730520.812,0,IG05/12,Yes,717.217,25308.87,,0,,BYLAYER,,06946-RZ,D:\לימודים אקדמיים\מדידות וגיאודזיה\תשפ''ו\סמסטר ב' תשפ''ו\מתמטיקה במדידות\חילוץ מהיר
M1200,LWPOLYLINE,Polygon,6,25,222693.797,730476.125,0,IG05/12,Yes,717.217,25308.87,,0,,BYLAYER,,06946-RZ,D:\לימודים אקדמיים\מדידות וגיאודזיה\תשפ''ו\סמסטר ב' תשפ''ו\מתמטיקה במדידות\חילוץ מהיר
M1200,LWPOLYLINE,Polygon,7,25,222705,730471.375,0,IG05/12,Yes,717.217,25308.87,,0,,BYLAYER,,06946-RZ,D:\לימודים אקדמיים\מדידות וגיאודזיה\תשפ''ו\סמסטר ב' תשפ''ו\מתמטיקה במדידות\חילוץ מהיר
M1200,LWPOLYLINE,Polygon,8,25,222702.203,730453.688,0,IG05/12,Yes,717.217,25308.87,,0,,BYLAYER,,06946-RZ,D:\לימודים אקדמיים\מדידות וגיאודזיה\תשפ''ו\סמסטר ב' תשפ''ו\מתמטיקה במדידות\חילוץ מהיר
M1200,LWPOLYLINE,Polygon,9,25,222703.906,730400.375,0,IG05/12,Yes,717.217,25308.87,,0,,BYLAYER,,06946-RZ,D:\לימודים אקדמיים\מדידות וגיאודזיה\תשפ''ו\סמסטר ב' תשפ''ו\מתמטיקה במדידות\חילוץ מהיר
M1200,LWPOLYLINE,Polygon,10,25,222704,730397.812,0,IG05/12,Yes,717.217,25308.87,,0,,BYLAYER,,06946-RZ,D:\לימודים אקדמיים\מדידות וגיאודזיה\תשפ''ו\סמסטר ב' תשפ''ו\מתמטיקה במדידות\חילוץ מהיר
M1200,LWPOLYLINE,Polygon,11,25,222696.797,730383.5,0,IG05/12,Yes,717.217,25308.87,,0,,BYLAYER,,06946-RZ,D:\לימודים אקדמיים\מדידות וגיאודזיה\תשפ''ו\סמסטר ב' תשפ''ו\מתמטיקה במדידות\חילוץ מהיר
M1200,LWPOLYLINE,Polygon,12,25,222666.297,730368.312,0,IG05/12,Yes,717.217,25308.87,,0,,BYLAYER,,06946-RZ,D:\לימודים אקדמיים\מדידות וגיאודזיה\תשפ''ו\סמסטר ב' תשפ''ו\מתמטיקה במדידות\חילוץ מהיר
M1200,LWPOLYLINE,Polygon,13,25,222632.594,730376.125,0,IG05/12,Yes,717.217,25308.87,,0,,BYLAYER,,06946-RZ,D:\לימודים אקדמיים\מדידות וגיאודזיה\תשפ''ו\סמסטר ב' תשפ''ו\מתמטיקה במדידות\חילוץ מהיר
M1200,LWPOLYLINE,Polygon,14,25,222626,730354.312,0,IG05/12,Yes,717.217,25308.87,,0,,BYLAYER,,06946-RZ,D:\לימודים אקדמיים\מדידות וגיאודזיה\תשפ''ו\סמסטר ב' תשפ''ו\מתמטיקה במדידות\חילוץ מהיר
M1200,LWPOLYLINE,Polygon,15,25,222623.406,730361.125,0,IG05/12,Yes,717.217,25308.87,,0,,BYLAYER,,06946-RZ,D:\לימודים אקדמיים\מדידות וגיאודזיה\תשפ''ו\סמסטר ב' תשפ''ו\מתמטיקה במדידות\חילוץ מהיר
M1200,LWPOLYLINE,Polygon,16,25,222502.797,730418,0,IG05/12,Yes,717.217,25308.87,,0,,BYLAYER,,06946-RZ,D:\לימודים אקדמיים\מדידות וגיאודזיה\תשפ''ו\סמסטר ב' תשפ''ו\מתמטיקה במדידות\חילוץ מהיר
M1200,LWPOLYLINE,Polygon,17,25,222446.594,730443.312,0,IG05/12,Yes,717.217,25308.87,,0,,BYLAYER,,06946-RZ,D:\לימודים אקדמיים\מדידות וגיאודזיה\תשפ''ו\סמסטר ב' תשפ''ו\מתמטיקה במדידות\חילוץ מהיר
M1200,LWPOLYLINE,Polygon,18,25,222489.703,730454.875,0,IG05/12,Yes,717.217,25308.87,,0,,BYLAYER,,06946-RZ,D:\לימודים אקדמיים\מדידות וגיאודזיה\תשפ''ו\סמסטר ב' תשפ''ו\מתמטיקה במדידות\חילוץ מהיר
M1200,LWPOLYLINE,Polygon,19,25,222490,730481.375,0,IG05/12,Yes,717.217,25308.87,,0,,BYLAYER,,06946-RZ,D:\לימודים אקדמיים\מדידות וגיאודזיה\תשפ''ו\סמסטר ב' תשפ''ו\מתמטיקה במדידות\חילוץ מהיר
M1200,LWPOLYLINE,Polygon,20,25,222537.406,730478.125,0,IG05/12,Yes,717.217,25308.87,,0,,BYLAYER,,06946-RZ,D:\לימודים אקדמיים\מדידות וגיאודזיה\תשפ''ו\סמסטר ב' תשפ''ו\מתמטיקה במדידות\חילוץ מהיר
M1200,LWPOLYLINE,Polygon,21,25,222557.094,730494.875,0,IG05/12,Yes,717.217,25308.87,,0,,BYLAYER,,06946-RZ,D:\לימודים אקדמיים\מדידות וגיאודזיה\תשפ''ו\סמסטר ב' תשפ''ו\מתמטיקה במדידות\חילוץ מהיר
M1200,LWPOLYLINE,Polygon,22,25,222565.297,730500.688,0,IG05/12,Yes,717.217,25308.87,,0,,BYLAYER,,06946-RZ,D:\לימודים אקדמיים\מדידות וגיאודזיה\תשפ''ו\סמסטר ב' תשפ''ו\מתמטיקה במדידות\חילוץ מהיר
M1200,LWPOLYLINE,Polygon,23,25,222585.797,730507.875,0,IG05/12,Yes,717.217,25308.87,,0,,BYLAYER,,06946-RZ,D:\לימודים אקדמיים\מדידות וגיאודזיה\תשפ''ו\סמסטר ב' תשפ''ו\מתמטיקה במדידות\חילוץ מהיר
M1200,LWPOLYLINE,Polygon,24,25,222613.297,730529.312,0,IG05/12,Yes,717.217,25308.87,,0,,BYLAYER,,06946-RZ,D:\לימודים אקדמיים\מדידות וגיאודזיה\תשפ''ו\סמסטר ב' תשפ''ו\מתמטיקה במדידות\חילוץ מהיר
M1200,LWPOLYLINE,Polygon,0,11,233975.66,719884.35,0.35,IG05/12,Yes,1158.259,18629.93,,0,,BYLAYER,,07970-RZ,D:\לימודים אקדמיים\מדידות וגיאודזיה\תשפ''ו\סמסטר ב' תשפ''ו\מתמטיקה במדידות\חילוץ מהיר
M1200,LWPOLYLINE,Polygon,1,11,233948.58,719863.83,0.35,IG05/12,Yes,1158.259,18629.93,,0,,BYLAYER,,07970-RZ,D:\לימודים אקדמיים\מדידות וגיאודזיה\תשפ''ו\סמסטר ב' תשפ''ו\מתמטיקה במדידות\חילוץ מהיר
M1200,LWPOLYLINE,Polygon,2,11,234020.61,719603.09,0.35,IG05/12,Yes,1158.259,18629.93,,0,,BYLAYER,,07970-RZ,D:\לימודים אקדמיים\מדידות וגיאודזיה\תשפ''ו\סמסטר ב' תשפ''ו\מתמטיקה במדידות\חילוץ מהיר
M1200,LWPOLYLINE,Polygon,3,11,234023.473,719577.135,0.35,IG05/12,Yes,1158.259,18629.93,,0,,BYLAYER,,07970-RZ,D:\לימודים אקדמיים\מדידות וגיאודזיה\תשפ''ו\סמסטר ב' תשפ''ו\מתמטיקה במדידות\חילוץ מהיר
M1200,LWPOLYLINE,Polygon,4,11,234025.661,719557.295,0.35,IG05/12,Yes,1158.259,18629.93,,0,,BYLAYER,,07970-RZ,D:\לימודים אקדמיים\מדידות וגיאודזיה\תשפ''ו\סמסטר ב' תשפ''ו\מתמטיקה במדידות\חילוץ מהיר
M1200,LWPOLYLINE,Polygon,5,11,233991.8,719498.35,0.35,IG05/12,Yes,1158.259,18629.93,,0,,BYLAYER,,07970-RZ,D:\לימודים אקדמיים\מדידות וגיאודזיה\תשפ''ו\סמסטר ב' תשפ''ו\מתמטיקה במדידות\חילוץ מהיר
M1200,LWPOLYLINE,Polygon,6,11,233994.95,719496.894,0.35,IG05/12,Yes,1158.259,18629.93,,0,,BYLAYER,,07970-RZ,D:\לימודים אקדמיים\מדידות וגיאודזיה\תשפ''ו\סמסטר ב' תשפ''ו\מתמטיקה במדידות\חילוץ מהיר
M1200,LWPOLYLINE,Polygon,7,11,234104.44,719446.28,0.35,IG05/12,Yes,1158.259,18629.93,,0,,BYLAYER,,07970-RZ,D:\לימודים אקדמיים\מדידות וגיאודזיה\תשפ''ו\סמסטר ב' תשפ''ו\מתמטיקה במדידות\חילוץ מהיר
M1200,LWPOLYLINE,Polygon,8,11,234172.924,719414.711,0.35,IG05/12,Yes,1158.259,18629.93,,0,,BYLAYER,,07970-RZ,D:\לימודים אקדמיים\מדידות וגיאודזיה\תשפ''ו\סמסטר ב' תשפ''ו\מתמטיקה במדידות\חילוץ מהיר
M1200,LWPOLYLINE,Polygon,9,11,234179.19,719435.39,0.35,IG05/12,Yes,1158.259,18629.93,,0,,BYLAYER,,07970-RZ,D:\לימודים אקדמיים\מדידות וגיאודזיה\תשפ''ו\סמסטר ב' תשפ''ו\מתמטיקה במדידות\חילוץ מהיר
M1200,LWPOLYLINE,Polygon,10,11,234080.532,719494.733,0.35,IG05/12,Yes,1158.259,18629.93,,0,,BYLAYER,,07970-RZ,D:\לימודים אקדמיים\מדידות וגיאודזיה\תשפ''ו\סמסטר ב' תשפ''ו\מתמטיקה במדידות\חילוץ מהיר
M1200,LWPOLYLINE,Polygon,0,10,216725.993,732745.04,0,IG05/12,Yes,894.768,19949.69,,0,,BYLAYER,,08769-RZ,D:\לימודים אקדמיים\מדידות וגיאודזיה\תשפ''ו\סמסטר ב' תשפ''ו\מתמטיקה במדידות\חילוץ מהיר
M1200,LWPOLYLINE,Polygon,1,10,216787.835,732795.482,0,IG05/12,Yes,894.768,19949.69,,0,,BYLAYER,,08769-RZ,D:\לימודים אקדמיים\מדידות וגיאודזיה\תשפ''ו\סמסטר ב' תשפ''ו\מתמטיקה במדידות\חילוץ מהיר
M1200,LWPOLYLINE,Polygon,2,10,216810.942,732814.329,0,IG05/12,Yes,894.768,19949.69,,0,,BYLAYER,,08769-RZ,D:\לימודים אקדמיים\מדידות וגיאודזיה\תשפ''ו\סמסטר ב' תשפ''ו\מתמטיקה במדידות\חילוץ מהיר
M1200,LWPOLYLINE,Polygon,3,10,216733.28,733061.39,0,IG05/12,Yes,894.768,19949.69,,0,,BYLAYER,,08769-RZ,D:\לימודים אקדמיים\מדידות וגיאודזיה\תשפ''ו\סמסטר ב' תשפ''ו\מתמטיקה במדידות\חילוץ מהיר
M1200,LWPOLYLINE,Polygon,4,10,216721.733,733097.995,0,IG05/12,Yes,894.768,19949.69,,0,,BYLAYER,,08769-RZ,D:\לימודים אקדמיים\מדידות וגיאודזיה\תשפ''ו\סמסטר ב' תשפ''ו\מתמטיקה במדידות\חילוץ מהיר
M1200,LWPOLYLINE,Polygon,5,10,216704.71,733152.02,0,IG05/12,Yes,894.768,19949.69,,0,,BYLAYER,,08769-RZ,D:\לימודים אקדמיים\מדידות וגיאודזיה\תשפ''ו\סמסטר ב' תשפ''ו\מתמטיקה במדידות\חילוץ מהיר
M1200,LWPOLYLINE,Polygon,6,10,216678.401,733143.627,0,IG05/12,Yes,894.768,19949.69,,0,,BYLAYER,,08769-RZ,D:\לימודים אקדמיים\מדידות וגיאודזיה\תשפ''ו\סמסטר ב' תשפ''ו\מתמטיקה במדידות\חילוץ מהיר
M1200,LWPOLYLINE,Polygon,7,10,216706.55,733052.97,0,IG05/12,Yes,894.768,19949.69,,0,,BYLAYER,,08769-RZ,D:\לימודים אקדמיים\מדידות וגיאודזיה\תשפ''ו\סמסטר ב' תשפ''ו\מתמטיקה במדידות\חילוץ מהיר
M1200,LWPOLYLINE,Polygon,8,10,216707.099,733051.203,0,IG05/12,Yes,894.768,19949.69,,0,,BYLAYER,,08769-RZ,D:\לימודים אקדמיים\מדידות וגיאודזיה\תשפ''ו\סמסטר ב' תשפ''ו\מתמטיקה במדידות\חילוץ מהיר
M1200,LWPOLYLINE,Polygon,9,10,216723.856,732780.358,0,IG05/12,Yes,894.768,19949.69,,0,,BYLAYER,,08769-RZ,D:\לימודים אקדמיים\מדידות וגיאודזיה\תשפ''ו\סמסטר ב' תשפ''ו\מתמטיקה במדידות\חילוץ מהיר
M1200,LWPOLYLINE,Polygon,0,7,228466.81,717122.18,0,IG05/12,Yes,686.038,11759.73,,0,,BYLAYER,,08807-RZ,D:\לימודים אקדמיים\מדידות וגיאודזיה\תשפ''ו\סמסטר ב' תשפ''ו\מתמטיקה במדידות\חילוץ מהיר
M1200,LWPOLYLINE,Polygon,1,7,228298.32,717293.28,0,IG05/12,Yes,686.038,11759.73,,0,,BYLAYER,,08807-RZ,D:\לימודים אקדמיים\מדידות וגיאודזיה\תשפ''ו\סמסטר ב' תשפ''ו\מתמטיקה במדידות\חילוץ מהיר
M1200,LWPOLYLINE,Polygon,2,7,228286.341,717250.402,0,IG05/12,Yes,686.038,11759.73,,0,,BYLAYER,,08807-RZ,D:\לימודים אקדמיים\מדידות וגיאודזיה\תשפ''ו\סמסטר ב' תשפ''ו\מתמטיקה במדידות\חילוץ מהיר
M1200,LWPOLYLINE,Polygon,3,7,228455.127,717080.226,0,IG05/12,Yes,686.038,11759.73,,0,,BYLAYER,,08807-RZ,D:\לימודים אקדמיים\מדידות וגיאודזיה\תשפ''ו\סמסטר ב' תשפ''ו\מתמטיקה במדידות\חילוץ מהיר
M1200,LWPOLYLINE,Polygon,4,7,228513.281,717065.753,0,IG05/12,Yes,686.038,11759.73,,0,,BYLAYER,,08807-RZ,D:\לימודים אקדמיים\מדידות וגיאודזיה\תשפ''ו\סמסטר ב' תשפ''ו\מתמטיקה במדידות\חילוץ מהיר
M1200,LWPOLYLINE,Polygon,5,7,228523.201,717098.639,0,IG05/12,Yes,686.038,11759.73,,0,,BYLAYER,,08807-RZ,D:\לימודים אקדמיים\מדידות וגיאודזיה\תשפ''ו\סמסטר ב' תשפ''ו\מתמטיקה במדידות\חילוץ מהיר
M1200,LWPOLYLINE,Polygon,6,7,228524,717106.8,0,IG05/12,Yes,686.038,11759.73,,0,,BYLAYER,,08807-RZ,D:\לימודים אקדמיים\מדידות וגיאודזיה\תשפ''ו\סמסטר ב' תשפ''ו\מתמטיקה במדידות\חילוץ מהיר
M1200,LWPOLYLINE,Polygon,0,5,227089.269,723923.362,0,IG05/12,Yes,106.684,623.17,,0,,BYLAYER,,10683-RZ,D:\לימודים אקדמיים\מדידות וגיאודזיה\תשפ''ו\סמסטר ב' תשפ''ו\מתמטיקה במדידות\חילוץ מהיר
M1200,LWPOLYLINE,Polygon,1,5,227084.17,723913.739,0,IG05/12,Yes,106.684,623.17,,0,,BYLAYER,,10683-RZ,D:\לימודים אקדמיים\מדידות וגיאודזיה\תשפ''ו\סמסטר ב' תשפ''ו\מתמטיקה במדידות\חילוץ מהיר
M1200,LWPOLYLINE,Polygon,2,5,227081.177,723908.091,0,IG05/12,Yes,106.684,623.17,,0,,BYLAYER,,10683-RZ,D:\לימודים אקדמיים\מדידות וגיאודזיה\תשפ''ו\סמסטר ב' תשפ''ו\מתמטיקה במדידות\חילוץ מהיר
M1200,LWPOLYLINE,Polygon,3,5,227112.882,723890.99,0,IG05/12,Yes,106.684,623.17,,0,,BYLAYER,,10683-RZ,D:\לימודים אקדמיים\מדידות וגיאודזיה\תשפ''ו\סמסטר ב' תשפ''ו\מתמטיקה במדידות\חילוץ מהיר
M1200,LWPOLYLINE,Polygon,4,5,227121.039,723906.224,0,IG05/12,Yes,106.684,623.17,,0,,BYLAYER,,10683-RZ,D:\לימודים אקדמיים\מדידות וגיאודזיה\תשפ''ו\סמסטר ב' תשפ''ו\מתמטיקה במדידות\חילוץ מהיר
M1200,LWPOLYLINE,Polygon,0,4,226968.4,724297.71,0,IG05/12,Yes,100.111,625.13,,0,,BYLAYER,,10875-281-RZ,D:\לימודים אקדמיים\מדידות וגיאודזיה\תשפ''ו\סמסטר ב' תשפ''ו\מתמטיקה במדידות\חילוץ מהיר
M1200,LWPOLYLINE,Polygon,1,4,226945.365,724310.065,0,IG05/12,Yes,100.111,625.13,,0,,BYLAYER,,10875-281-RZ,D:\לימודים אקדמיים\מדידות וגיאודזיה\תשפ''ו\סמסטר ב' תשפ''ו\מתמטיקה במדידות\חילוץ מהיר
M1200,LWPOLYLINE,Polygon,2,4,226934.262,724288.869,0,IG05/12,Yes,100.111,625.13,,0,,BYLAYER,,10875-281-RZ,D:\לימודים אקדמיים\מדידות וגיאודזיה\תשפ''ו\סמסטר ב' תשפ''ו\מתמטיקה במדידות\חילוץ מהיר
M1200,LWPOLYLINE,Polygon,3,4,226957.309,724276.535,0,IG05/12,Yes,100.111,625.13,,0,,BYLAYER,,10875-281-RZ,D:\לימודים אקדמיים\מדידות וגיאודזיה\תשפ''ו\סמסטר ב' תשפ''ו\מתמטיקה במדידות\חילוץ מהיר
M1200,LWPOLYLINE,Polygon,0,6,248395.69,749724.206,0,IG05/12,Yes,794.478,30976.69,,0,,BYLAYER,,10952-85-RZ-NEW,D:\לימודים אקדמיים\מדידות וגיאודזיה\תשפ''ו\סמסטר ב' תשפ''ו\מתמטיקה במדידות\חילוץ מהיר
M1200,LWPOLYLINE,Polygon,1,6,248288.457,749732.174,0,IG05/12,Yes,794.478,30976.69,,0,,BYLAYER,,10952-85-RZ-NEW,D:\לימודים אקדמיים\מדידות וגיאודזיה\תשפ''ו\סמסטר ב' תשפ''ו\מתמטיקה במדידות\חילוץ מהיר
M1200,LWPOLYLINE,Polygon,2,6,248250.507,749668.658,0,IG05/12,Yes,794.478,30976.69,,0,,BYLAYER,,10952-85-RZ-NEW,D:\לימודים אקדמיים\מדידות וגיאודזיה\תשפ''ו\סמסטר ב' תשפ''ו\מתמטיקה במדידות\חילוץ מהיר
M1200,LWPOLYLINE,Polygon,3,6,248173.073,749672.091,0,IG05/12,Yes,794.478,30976.69,,0,,BYLAYER,,10952-85-RZ-NEW,D:\לימודים אקדמיים\מדידות וגיאודזיה\תשפ''ו\סמסטר ב' תשפ''ו\מתמטיקה במדידות\חילוץ מהיר
M1200,LWPOLYLINE,Polygon,4,6,248172.036,749512.675,0,IG05/12,Yes,794.478,30976.69,,0,,BYLAYER,,10952-85-RZ-NEW,D:\לימודים אקדמיים\מדידות וגיאודזיה\תשפ''ו\סמסטר ב' תשפ''ו\מתמטיקה במדידות\חילוץ מהיר
M1200,LWPOLYLINE,Polygon,5,6,248244.276,749472.774,0,IG05/12,Yes,794.478,30976.69,,0,,BYLAYER,,10952-85-RZ-NEW,D:\לימודים אקדמיים\מדידות וגיאודזיה\תשפ''ו\סמסטר ב' תשפ''ו\מתמטיקה במדידות\חילוץ מהיר
M1200,LWPOLYLINE,Polygon,0,7,228219.02,728714.493,0.5,IG05/12,Yes,867.336,25446.88,,0,,BYLAYER,,11147-RZ,D:\לימודים אקדמיים\מדידות וגיאודזיה\תשפ''ו\סמסטר ב' תשפ''ו\מתמטיקה במדידות\חילוץ מהיר
M1200,LWPOLYLINE,Polygon,1,7,228262.904,728772.024,0.5,IG05/12,Yes,867.336,25446.88,,0,,BYLAYER,,11147-RZ,D:\לימודים אקדמיים\מדידות וגיאודזיה\תשפ''ו\סמסטר ב' תשפ''ו\מתמטיקה במדידות\חילוץ מהיר
M1200,LWPOLYLINE,Polygon,2,7,228244.108,728789.204,0.5,IG05/12,Yes,867.336,25446.88,,0,,BYLAYER,,11147-RZ,D:\לימודים אקדמיים\מדידות וגיאודזיה\תשפ''ו\סמסטר ב' תשפ''ו\מתמטיקה במדידות\חילוץ מהיר
M1200,LWPOLYLINE,Polygon,3,7,228180.322,728748.361,0.5,IG05/12,Yes,867.336,25446.88,,0,,BYLAYER,,11147-RZ,D:\לימודים אקדמיים\מדידות וגיאודזיה\תשפ''ו\סמסטר ב' תשפ''ו\מתמטיקה במדידות\חילוץ מהיר
M1200,LWPOLYLINE,Polygon,4,7,227908.84,728583.46,0.5,IG05/12,Yes,867.336,25446.88,,0,,BYLAYER,,11147-RZ,D:\לימודים אקדמיים\מדידות וגיאודזיה\תשפ''ו\סמסטר ב' תשפ''ו\מתמטיקה במדידות\חילוץ מהיר
M1200,LWPOLYLINE,Polygon,5,7,228020.995,728552.287,0.5,IG05/12,Yes,867.336,25446.88,,0,,BYLAYER,,11147-RZ,D:\לימודים אקדמיים\מדידות וגיאודזיה\תשפ''ו\סמסטר ב' תשפ''ו\מתמטיקה במדידות\חילוץ מהיר
M1200,LWPOLYLINE,Polygon,6,7,228162.958,728641.421,0.5,IG05/12,Yes,867.336,25446.88,,0,,BYLAYER,,11147-RZ,D:\לימודים אקדמיים\מדידות וגיאודזיה\תשפ''ו\סמסטר ב' תשפ''ו\מתמטיקה במדידות\חילוץ מהיר
M1200,LWPOLYLINE,Polygon,0,7,237269.888,718680.781,53.83,IG05/12,Yes,96.17,410.95,,0,,BYLAYER,,11922-RZ,D:\לימודים אקדמיים\מדידות וגיאודזיה\תשפ''ו\סמסטר ב' תשפ''ו\מתמטיקה במדידות\חילוץ מהיר
M1200,LWPOLYLINE,Polygon,1,7,237274.219,718671.093,53.83,IG05/12,Yes,96.17,410.95,,0,,BYLAYER,,11922-RZ,D:\לימודים אקדמיים\מדידות וגיאודזיה\תשפ''ו\סמסטר ב' תשפ''ו\מתמטיקה במדידות\חילוץ מהיר
M1200,LWPOLYLINE,Polygon,2,7,237239.479,718659.019,53.83,IG05/12,Yes,96.17,410.95,,0,,BYLAYER,,11922-RZ,D:\לימודים אקדמיים\מדידות וגיאודזיה\תשפ''ו\סמסטר ב' תשפ''ו\מתמטיקה במדידות\חילוץ מהיר
M1200,LWPOLYLINE,Polygon,3,7,237238.359,718661.062,53.83,IG05/12,Yes,96.17,410.95,,-0.026928,,BYLAYER,,11922-RZ,D:\לימודים אקדמיים\מדידות וגיאודזיה\תשפ''ו\סמסטר ב' תשפ''ו\מתמטיקה במדידות\חילוץ מהיר
M1200,LWPOLYLINE,Polygon,4,7,237234.637,718669.845,53.83,IG05/12,Yes,96.17,410.95,,0,,BYLAYER,,11922-RZ,D:\לימודים אקדמיים\מדידות וגיאודזיה\תשפ''ו\סמסטר ב' תשפ''ו\מתמטיקה במדידות\חילוץ מהיר
M1200,LWPOLYLINE,Polygon,5,7,237240.516,718671.51,53.83,IG05/12,Yes,96.17,410.95,,0,,BYLAYER,,11922-RZ,D:\לימודים אקדמיים\מדידות וגיאודזיה\תשפ''ו\סמסטר ב' תשפ''ו\מתמטיקה במדידות\חילוץ מהיר
M1200,LWPOLYLINE,Polygon,6,7,237251.43,718675.017,53.83,IG05/12,Yes,96.17,410.95,,0,,BYLAYER,,11922-RZ,D:\לימודים אקדמיים\מדידות וגיאודזיה\תשפ''ו\סמסטר ב' תשפ''ו\מתמטיקה במדידות\חילוץ מהיר
M1200,LWPOLYLINE,Polygon,0,10,234233.6,718881.77,0,IG05/12,Yes,915.296,11975.58,,0,,BYLAYER,,12010-RZ,D:\לימודים אקדמיים\מדידות וגיאודזיה\תשפ''ו\סמסטר ב' תשפ''ו\מתמטיקה במדידות\חילוץ מהיר
M1200,LWPOLYLINE,Polygon,1,10,234165.1,718907.39,0,IG05/12,Yes,915.296,11975.58,,0,,BYLAYER,,12010-RZ,D:\לימודים אקדמיים\מדידות וגיאודזיה\תשפ''ו\סמסטר ב' תשפ''ו\מתמטיקה במדידות\חילוץ מהיר
M1200,LWPOLYLINE,Polygon,2,10,234153.18,718875.5,0,IG05/12,Yes,915.296,11975.58,,0,,BYLAYER,,12010-RZ,D:\לימודים אקדמיים\מדידות וגיאודזיה\תשפ''ו\סמסטר ב' תשפ''ו\מתמטיקה במדידות\חילוץ מהיר
M1200,LWPOLYLINE,Polygon,3,10,234212.54,718852.06,0,IG05/12,Yes,915.296,11975.58,,0,,BYLAYER,,12010-RZ,D:\לימודים אקדמיים\מדידות וגיאודזיה\תשפ''ו\סמסטר ב' תשפ''ו\מתמטיקה במדידות\חילוץ מהיר
M1200,LWPOLYLINE,Polygon,4,10,234216.6,718842.06,0,IG05/12,Yes,915.296,11975.58,,0,,BYLAYER,,12010-RZ,D:\לימודים אקדמיים\מדידות וגיאודזיה\תשפ''ו\סמסטר ב' תשפ''ו\מתמטיקה במדידות\חילוץ מהיר
M1200,LWPOLYLINE,Polygon,5,10,234204.28,718804.53,0,IG05/12,Yes,915.296,11975.58,,0,,BYLAYER,,12010-RZ,D:\לימודים אקדמיים\מדידות וגיאודזיה\תשפ''ו\סמסטר ב' תשפ''ו\מתמטיקה במדידות\חילוץ מהיר
M1200,LWPOLYLINE,Polygon,6,10,234225.87,718746.92,0,IG05/12,Yes,915.296,11975.58,,0,,BYLAYER,,12010-RZ,D:\לימודים אקדמיים\מדידות וגיאודזיה\תשפ''ו\סמסטר ב' תשפ''ו\מתמטיקה במדידות\חילוץ מהיר
M1200,LWPOLYLINE,Polygon,7,10,234308.932,718525.31,0,IG05/12,Yes,915.296,11975.58,,0.003743,,BYLAYER,,12010-RZ,D:\לימודים אקדמיים\מדידות וגיאודזיה\תשפ''ו\סמסטר ב' תשפ''ו\מתמטיקה במדידות\חילוץ מהיר
M1200,LWPOLYLINE,Polygon,8,10,234335.451,718541.712,0,IG05/12,Yes,915.296,11975.58,,0,,BYLAYER,,12010-RZ,D:\לימודים אקדמיים\מדידות וגיאודזיה\תשפ''ו\סמסטר ב' תשפ''ו\מתמטיקה במדידות\חילוץ מהיר
M1200,LWPOLYLINE,Polygon,9,10,234218.85,718850.16,0,IG05/12,Yes,915.296,11975.58,,0,,BYLAYER,,12010-RZ,D:\לימודים אקדמיים\מדידות וגיאודזיה\תשפ''ו\סמסטר ב' תשפ''ו\מתמטיקה במדידות\חילוץ מהיר
M1200,LWPOLYLINE,Polygon,0,9,188183.16,681163.45,0,IG05/12,Yes,479.253,12715.65,,0,,BYLAYER,,12099-RZ-new,D:\לימודים אקדמיים\מדידות וגיאודזיה\תשפ''ו\סמסטר ב' תשפ''ו\מתמטיקה במדידות\חילוץ מהיר
M1200,LWPOLYLINE,Polygon,1,9,188178.16,681163.54,0,IG05/12,Yes,479.253,12715.65,,0,,BYLAYER,,12099-RZ-new,D:\לימודים אקדמיים\מדידות וגיאודזיה\תשפ''ו\סמסטר ב' תשפ''ו\מתמטיקה במדידות\חילוץ מהיר
M1200,LWPOLYLINE,Polygon,2,9,188105.05,681161.28,0,IG05/12,Yes,479.253,12715.65,,0,,BYLAYER,,12099-RZ-new,D:\לימודים אקדמיים\מדידות וגיאודזיה\תשפ''ו\סמסטר ב' תשפ''ו\מתמטיקה במדידות\חילוץ מהיר
M1200,LWPOLYLINE,Polygon,3,9,188098.17,681031,0,IG05/12,Yes,479.253,12715.65,,0,,BYLAYER,,12099-RZ-new,D:\לימודים אקדמיים\מדידות וגיאודזיה\תשפ''ו\סמסטר ב' תשפ''ו\מתמטיקה במדידות\חילוץ מהיר
M1200,LWPOLYLINE,Polygon,4,9,188098.92,681030.91,0,IG05/12,Yes,479.253,12715.65,,0,,BYLAYER,,12099-RZ-new,D:\לימודים אקדמיים\מדידות וגיאודזיה\תשפ''ו\סמסטר ב' תשפ''ו\מתמטיקה במדידות\חילוץ מהיר
M1200,LWPOLYLINE,Polygon,5,9,188140.43,681021.28,0,IG05/12,Yes,479.253,12715.65,,0,,BYLAYER,,12099-RZ-new,D:\לימודים אקדמיים\מדידות וגיאודזיה\תשפ''ו\סמסטר ב' תשפ''ו\מתמטיקה במדידות\חילוץ מהיר
M1200,LWPOLYLINE,Polygon,6,9,188159.42,681014.7,0,IG05/12,Yes,479.253,12715.65,,0,,BYLAYER,,12099-RZ-new,D:\לימודים אקדמיים\מדידות וגיאודזיה\תשפ''ו\סמסטר ב' תשפ''ו\מתמטיקה במדידות\חילוץ מהיר
M1200,LWPOLYLINE,Polygon,7,9,188195.97,680997.26,0,IG05/12,Yes,479.253,12715.65,,0,,BYLAYER,,12099-RZ-new,D:\לימודים אקדמיים\מדידות וגיאודזיה\תשפ''ו\סמסטר ב' תשפ''ו\מתמטיקה במדידות\חילוץ מהיר
M1200,LWPOLYLINE,Polygon,8,9,188189.08,681086.68,0,IG05/12,Yes,479.253,12715.65,,0,,BYLAYER,,12099-RZ-new,D:\לימודים אקדמיים\מדידות וגיאודזיה\תשפ''ו\סמסטר ב' תשפ''ו\מתמטיקה במדידות\חילוץ מהיר
M1200,LWPOLYLINE,Polygon,0,8,229932.482,717944.451,0,IG05/12,Yes,88.114,508.16,,0.007748,,BYLAYER,,12113-RZ,D:\לימודים אקדמיים\מדידות וגיאודזיה\תשפ''ו\סמסטר ב' תשפ''ו\מתמטיקה במדידות\חילוץ מהיר
M1200,LWPOLYLINE,Polygon,1,8,229925.388,717944.4,0,IG05/12,Yes,88.114,508.16,,0.007916,,BYLAYER,,12113-RZ,D:\לימודים אקדמיים\מדידות וגיאודזיה\תשפ''ו\סמסטר ב' תשפ''ו\מתמטיקה במדידות\חילוץ מהיר
M1200,LWPOLYLINE,Polygon,2,8,229918.144,717944.121,0,IG05/12,Yes,88.114,508.16,,0,,BYLAYER,,12113-RZ,D:\לימודים אקדמיים\מדידות וגיאודזיה\תשפ''ו\סמסטר ב' תשפ''ו\מתמטיקה במדידות\חילוץ מהיר
M1200,LWPOLYLINE,Polygon,3,8,229918.138,717920.266,0,IG05/12,Yes,88.114,508.16,,0,,BYLAYER,,12113-RZ,D:\לימודים אקדמיים\מדידות וגיאודזיה\תשפ''ו\סמסטר ב' תשפ''ו\מתמטיקה במדידות\חילוץ מהיר
M1200,LWPOLYLINE,Polygon,4,8,229940.338,717920.261,0,IG05/12,Yes,88.114,508.16,,0,,BYLAYER,,12113-RZ,D:\לימודים אקדמיים\מדידות וגיאודזיה\תשפ''ו\סמסטר ב' תשפ''ו\מתמטיקה במדידות\חילוץ מהיר
M1200,LWPOLYLINE,Polygon,5,8,229940.338,717920.261,0,IG05/12,Yes,88.114,508.16,,0,,BYLAYER,,12113-RZ,D:\לימודים אקדמיים\מדידות וגיאודזיה\תשפ''ו\סמסטר ב' תשפ''ו\מתמטיקה במדידות\חילוץ מהיר
M1200,LWPOLYLINE,Polygon,6,8,229940.425,717937.266,0,IG05/12,Yes,88.114,508.16,,0.377355,,BYLAYER,,12113-RZ,D:\לימודים אקדמיים\מדידות וגיאודזיה\תשפ''ו\סמסטר ב' תשפ''ו\מתמטיקה במדידות\חילוץ מהיר
M1200,LWPOLYLINE,Polygon,7,8,229932.482,717944.451,0,IG05/12,Yes,88.114,508.16,,0,,BYLAYER,,12113-RZ,D:\לימודים אקדמיים\מדידות וגיאודזיה\תשפ''ו\סמסטר ב' תשפ''ו\מתמטיקה במדידות\חילוץ מהיר
M1200,LWPOLYLINE,Polygon,0,12,227501.33,724545.91,0,IG05/12,Yes,174.455,1864.78,,0,,BYLAYER,,12114-RZ,D:\לימודים אקדמיים\מדידות וגיאודזיה\תשפ''ו\סמסטר ב' תשפ''ו\מתמטיקה במדידות\חילוץ מהיר
M1200,LWPOLYLINE,Polygon,1,12,227452.242,724554.104,0,IG05/12,Yes,174.455,1864.78,,0,,BYLAYER,,12114-RZ,D:\לימודים אקדמיים\מדידות וגיאודזיה\תשפ''ו\סמסטר ב' תשפ''ו\מתמטיקה במדידות\חילוץ מהיר
M1200,LWPOLYLINE,Polygon,2,12,227450.296,724542.715,0,IG05/12,Yes,174.455,1864.78,,0,,BYLAYER,,12114-RZ,D:\לימודים אקדמיים\מדידות וגיאודזיה\תשפ''ו\סמסטר ב' תשפ''ו\מתמטיקה במדידות\חילוץ מהיר
M1200,LWPOLYLINE,Polygon,3,12,227450.141,724541.81,0,IG05/12,Yes,174.455,1864.78,,0,,BYLAYER,,12114-RZ,D:\לימודים אקדמיים\מדידות וגיאודזיה\תשפ''ו\סמסטר ב' תשפ''ו\מתמטיקה במדידות\חילוץ מהיר
M1200,LWPOLYLINE,Polygon,4,12,227448.116,724529.965,0,IG05/12,Yes,174.455,1864.78,,0,,BYLAYER,,12114-RZ,D:\לימודים אקדמיים\מדידות וגיאודזיה\תשפ''ו\סמסטר ב' תשפ''ו\מתמטיקה במדידות\חילוץ מהיר
M1200,LWPOLYLINE,Polygon,5,12,227448.022,724529.414,0,IG05/12,Yes,174.455,1864.78,,0,,BYLAYER,,12114-RZ,D:\לימודים אקדמיים\מדידות וגיאודזיה\תשפ''ו\סמסטר ב' תשפ''ו\מתמטיקה במדידות\חילוץ מהיר
M1200,LWPOLYLINE,Polygon,6,12,227445.934,724517.201,0,IG05/12,Yes,174.455,1864.78,,0,,BYLAYER,,12114-RZ,D:\לימודים אקדמיים\מדידות וגיאודזיה\תשפ''ו\סמסטר ב' תשפ''ו\מתמטיקה במדידות\חילוץ מהיר
M1200,LWPOLYLINE,Polygon,7,12,227458.614,724515.055,0,IG05/12,Yes,174.455,1864.78,,0,,BYLAYER,,12114-RZ,D:\לימודים אקדמיים\מדידות וגיאודזיה\תשפ''ו\סמסטר ב' תשפ''ו\מתמטיקה במדידות\חילוץ מהיר
M1200,LWPOLYLINE,Polygon,8,12,227471.245,724512.924,0,IG05/12,Yes,174.455,1864.78,,0,,BYLAYER,,12114-RZ,D:\לימודים אקדמיים\מדידות וגיאודזיה\תשפ''ו\סמסטר ב' תשפ''ו\מתמטיקה במדידות\חילוץ מהיר
M1200,LWPOLYLINE,Polygon,9,12,227494.97,724508.93,0,IG05/12,Yes,174.455,1864.78,,0,,BYLAYER,,12114-RZ,D:\לימודים אקדמיים\מדידות וגיאודזיה\תשפ''ו\סמסטר ב' תשפ''ו\מתמטיקה במדידות\חילוץ מהיר
M1200,LWPOLYLINE,Polygon,10,12,227497.09,724521.26,0,IG05/12,Yes,174.455,1864.78,,0,,BYLAYER,,12114-RZ,D:\לימודים אקדמיים\מדידות וגיאודזיה\תשפ''ו\סמסטר ב' תשפ''ו\מתמטיקה במדידות\חילוץ מהיר
M1200,LWPOLYLINE,Polygon,11,12,227499.21,724533.58,0,IG05/12,Yes,174.455,1864.78,,0,,BYLAYER,,12114-RZ,D:\לימודים אקדמיים\מדידות וגיאודזיה\תשפ''ו\סמסטר ב' תשפ''ו\מתמטיקה במדידות\חילוץ מהיר
M1200,LWPOLYLINE,Polygon,0,8,211015.119,777067.849,0,IG05/12,Yes,108.337,766.29,,0,,BYLAYER,,121315-43 RZ,D:\לימודים אקדמיים\מדידות וגיאודזיה\תשפ''ו\סמסטר ב' תשפ''ו\מתמטיקה במדידות\חילוץ מהיר
M1200,LWPOLYLINE,Polygon,1,8,210995.161,777077.549,0,IG05/12,Yes,108.337,766.29,,0,,BYLAYER,,121315-43 RZ,D:\לימודים אקדמיים\מדידות וגיאודזיה\תשפ''ו\סמסטר ב' תשפ''ו\מתמטיקה במדידות\חילוץ מהיר
M1200,LWPOLYLINE,Polygon,2,8,210984.553,777066.92,0,IG05/12,Yes,108.337,766.29,,0,,BYLAYER,,121315-43 RZ,D:\לימודים אקדמיים\מדידות וגיאודזיה\תשפ''ו\סמסטר ב' תשפ''ו\מתמטיקה במדידות\חילוץ מהיר
M1200,LWPOLYLINE,Polygon,3,8,210995.837,777046.326,0,IG05/12,Yes,108.337,766.29,,0.011654,,BYLAYER,,121315-43 RZ,D:\לימודים אקדמיים\מדידות וגיאודזיה\תשפ''ו\סמסטר ב' תשפ''ו\מתמטיקה במדידות\חילוץ מהיר
M1200,LWPOLYLINE,Polygon,4,8,210998.055,777042.494,0,IG05/12,Yes,108.337,766.29,,0,,BYLAYER,,121315-43 RZ,D:\לימודים אקדמיים\מדידות וגיאודזיה\תשפ''ו\סמסטר ב' תשפ''ו\מתמטיקה במדידות\חילוץ מהיר
M1200,LWPOLYLINE,Polygon,5,8,211000.515,777038.461,0,IG05/12,Yes,108.337,766.29,,0,,BYLAYER,,121315-43 RZ,D:\לימודים אקדמיים\מדידות וגיאודזיה\תשפ''ו\סמסטר ב' תשפ''ו\מתמטיקה במדידות\חילוץ מהיר
M1200,LWPOLYLINE,Polygon,6,8,211012.241,777047.704,0,IG05/12,Yes,108.337,766.29,,0,,BYLAYER,,121315-43 RZ,D:\לימודים אקדמיים\מדידות וגיאודזיה\תשפ''ו\סמסטר ב' תשפ''ו\מתמטיקה במדידות\חילוץ מהיר
M1200,LWPOLYLINE,Polygon,7,8,211018.774,777053.422,0,IG05/12,Yes,108.337,766.29,,0,,BYLAYER,,121315-43 RZ,D:\לימודים אקדמיים\מדידות וגיאודזיה\תשפ''ו\סמסטר ב' תשפ''ו\מתמטיקה במדידות\חילוץ מהיר
M1200,LWPOLYLINE,Polygon,0,5,224764.07,714473.512,0,IG05/12,Yes,431.676,6471.45,,0,,BYLAYER,,12152-304-RZ,D:\לימודים אקדמיים\מדידות וגיאודזיה\תשפ''ו\סמסטר ב' תשפ''ו\מתמטיקה במדידות\חילוץ מהיר
M1200,LWPOLYLINE,Polygon,1,5,224770.51,714523.3,0,IG05/12,Yes,431.676,6471.45,,0,,BYLAYER,,12152-304-RZ,D:\לימודים אקדמיים\מדידות וגיאודזיה\תשפ''ו\סמסטר ב' תשפ''ו\מתמטיקה במדידות\חילוץ מהיר
M1200,LWPOLYLINE,Polygon,2,5,224735.14,714530.64,0,IG05/12,Yes,431.676,6471.45,,0,,BYLAYER,,12152-304-RZ,D:\לימודים אקדמיים\מדידות וגיאודזיה\תשפ''ו\סמסטר ב' תשפ''ו\מתמטיקה במדידות\חילוץ מהיר
M1200,LWPOLYLINE,Polygon,3,5,224712.113,714352.439,0,IG05/12,Yes,431.676,6471.45,,0,,BYLAYER,,12152-304-RZ,D:\לימודים אקדמיים\מדידות וגיאודזיה\תשפ''ו\סמסטר ב' תשפ''ו\מתמטיקה במדידות\חילוץ מהיר
M1200,LWPOLYLINE,Polygon,4,5,224747.451,714345.023,0,IG05/12,Yes,431.676,6471.45,,0,,BYLAYER,,12152-304-RZ,D:\לימודים אקדמיים\מדידות וגיאודזיה\תשפ''ו\סמסטר ב' תשפ''ו\מתמטיקה במדידות\חילוץ מהיר
M1200,LWPOLYLINE,Polygon,0,22,224230.232,715095.172,0,IG05/12,Yes,535.168,8082.68,,0,,BYLAYER,,12174-RZ,D:\לימודים אקדמיים\מדידות וגיאודזיה\תשפ''ו\סמסטר ב' תשפ''ו\מתמטיקה במדידות\חילוץ מהיר
M1200,LWPOLYLINE,Polygon,1,22,224228.064,715096.828,0,IG05/12,Yes,535.168,8082.68,,0,,BYLAYER,,12174-RZ,D:\לימודים אקדמיים\מדידות וגיאודזיה\תשפ''ו\סמסטר ב' תשפ''ו\מתמטיקה במדידות\חילוץ מהיר
M1200,LWPOLYLINE,Polygon,2,22,224226.949,715095.274,0,IG05/12,Yes,535.168,8082.68,,0,,BYLAYER,,12174-RZ,D:\לימודים אקדמיים\מדידות וגיאודזיה\תשפ''ו\סמסטר ב' תשפ''ו\מתמטיקה במדידות\חילוץ מהיר
M1200,LWPOLYLINE,Polygon,3,22,224191.334,715121.864,0,IG05/12,Yes,535.168,8082.68,,0,,BYLAYER,,12174-RZ,D:\לימודים אקדמיים\מדידות וגיאודזיה\תשפ''ו\סמסטר ב' תשפ''ו\מתמטיקה במדידות\חילוץ מהיר
M1200,LWPOLYLINE,Polygon,4,22,224192.701,715123.637,0,IG05/12,Yes,535.168,8082.68,,0,,BYLAYER,,12174-RZ,D:\לימודים אקדמיים\מדידות וגיאודזיה\תשפ''ו\סמסטר ב' תשפ''ו\מתמטיקה במדידות\חילוץ מהיר
M1200,LWPOLYLINE,Polygon,5,22,224186.69,715128.509,0,IG05/12,Yes,535.168,8082.68,,0,,BYLAYER,,12174-RZ,D:\לימודים אקדמיים\מדידות וגיאודזיה\תשפ''ו\סמסטר ב' תשפ''ו\מתמטיקה במדידות\חילוץ מהיר
M1200,LWPOLYLINE,Polygon,6,22,224186.588,715128.381,0,IG05/12,Yes,535.168,8082.68,,0,,BYLAYER,,12174-RZ,D:\לימודים אקדמיים\מדידות וגיאודזיה\תשפ''ו\סמסטר ב' תשפ''ו\מתמטיקה במדידות\חילוץ מהיר
M1200,LWPOLYLINE,Polygon,7,22,224177.906,715135.266,0,IG05/12,Yes,535.168,8082.68,,0,,BYLAYER,,12174-RZ,D:\לימודים אקדמיים\מדידות וגיאודזיה\תשפ''ו\סמסטר ב' תשפ''ו\מתמטיקה במדידות\חילוץ מהיר
M1200,LWPOLYLINE,Polygon,8,22,224178.081,715135.485,0,IG05/12,Yes,535.168,8082.68,,0,,BYLAYER,,12174-RZ,D:\לימודים אקדמיים\מדידות וגיאודזיה\תשפ''ו\סמסטר ב' תשפ''ו\מתמטיקה במדידות\חילוץ מהיר
M1200,LWPOLYLINE,Polygon,9,22,224126.847,715177.004,0,IG05/12,Yes,535.168,8082.68,,0,,BYLAYER,,12174-RZ,D:\לימודים אקדמיים\מדידות וגיאודזיה\תשפ''ו\סמסטר ב' תשפ''ו\מתמטיקה במדידות\חילוץ מהיר
M1200,LWPOLYLINE,Polygon,10,22,224091.781,715205.42,0,IG05/12,Yes,535.168,8082.68,,0,,BYLAYER,,12174-RZ,D:\לימודים אקדמיים\מדידות וגיאודזיה\תשפ''ו\סמסטר ב' תשפ''ו\מתמטיקה במדידות\חילוץ מהיר
M1200,LWPOLYLINE,Polygon,11,22,224071.515,715173.625,0,IG05/12,Yes,535.168,8082.68,,0,,BYLAYER,,12174-RZ,D:\לימודים אקדמיים\מדידות וגיאודזיה\תשפ''ו\סמסטר ב' תשפ''ו\מתמטיקה במדידות\חילוץ מהיר
M1200,LWPOLYLINE,Polygon,12,22,224103.448,715147.99,0,IG05/12,Yes,535.168,8082.68,,0,,BYLAYER,,12174-RZ,D:\לימודים אקדמיים\מדידות וגיאודזיה\תשפ''ו\סמסטר ב' תשפ''ו\מתמטיקה במדידות\חילוץ מהיר
M1200,LWPOLYLINE,Polygon,13,22,224136.186,715121.71,0,IG05/12,Yes,535.168,8082.68,,0,,BYLAYER,,12174-RZ,D:\לימודים אקדמיים\מדידות וגיאודזיה\תשפ''ו\סמסטר ב' תשפ''ו\מתמטיקה במדידות\חילוץ מהיר
M1200,LWPOLYLINE,Polygon,14,22,224136.975,715122.612,0,IG05/12,Yes,535.168,8082.68,,0,,BYLAYER,,12174-RZ,D:\לימודים אקדמיים\מדידות וגיאודזיה\תשפ''ו\סמסטר ב' תשפ''ו\מתמטיקה במדידות\חילוץ מהיר
M1200,LWPOLYLINE,Polygon,15,22,224137.898,715123.666,0,IG05/12,Yes,535.168,8082.68,,0,,BYLAYER,,12174-RZ,D:\לימודים אקדמיים\מדידות וגיאודזיה\תשפ''ו\סמסטר ב' תשפ''ו\מתמטיקה במדידות\חילוץ מהיר
M1200,LWPOLYLINE,Polygon,16,22,224169.559,715097.868,0,IG05/12,Yes,535.168,8082.68,,0,,BYLAYER,,12174-RZ,D:\לימודים אקדמיים\מדידות וגיאודזיה\תשפ''ו\סמסטר ב' תשפ''ו\מתמטיקה במדידות\חילוץ מהיר
M1200,LWPOLYLINE,Polygon,17,22,224168.704,715096.858,0,IG05/12,Yes,535.168,8082.68,,0,,BYLAYER,,12174-RZ,D:\לימודים אקדמיים\מדידות וגיאודזיה\תשפ''ו\סמסטר ב' תשפ''ו\מתמטיקה במדידות\חילוץ מהיר
M1200,LWPOLYLINE,Polygon,18,22,224244.46,715035.37,0,IG05/12,Yes,535.168,8082.68,,0,,BYLAYER,,12174-RZ,D:\לימודים אקדמיים\מדידות וגיאודזיה\תשפ''ו\סמסטר ב' תשפ''ו\מתמטיקה במדידות\חילוץ מהיר
M1200,LWPOLYLINE,Polygon,19,22,224266.829,715063.49,0,IG05/12,Yes,535.168,8082.68,,0,,BYLAYER,,12174-RZ,D:\לימודים אקדמיים\מדידות וגיאודזיה\תשפ''ו\סמסטר ב' תשפ''ו\מתמטיקה במדידות\חילוץ מהיר
M1200,LWPOLYLINE,Polygon,20,22,224241.633,715083.939,0,IG05/12,Yes,535.168,8082.68,,0,,BYLAYER,,12174-RZ,D:\לימודים אקדמיים\מדידות וגיאודזיה\תשפ''ו\סמסטר ב' תשפ''ו\מתמטיקה במדידות\חילוץ מהיר
M1200,LWPOLYLINE,Polygon,21,22,224245.213,715088.374,0,IG05/12,Yes,535.168,8082.68,,0,,BYLAYER,,12174-RZ,D:\לימודים אקדמיים\מדידות וגיאודזיה\תשפ''ו\סמסטר ב' תשפ''ו\מתמטיקה במדידות\חילוץ מהיר
M1200,LWPOLYLINE,Polygon,0,8,228231.315,726482.715,0,IG05/12,Yes,667.128,9259.18,,0,,BYLAYER,,12201-RZ,D:\לימודים אקדמיים\מדידות וגיאודזיה\תשפ''ו\סמסטר ב' תשפ''ו\מתמטיקה במדידות\חילוץ מהיר
M1200,LWPOLYLINE,Polygon,1,8,228200.455,726632.314,0,IG05/12,Yes,667.128,9259.18,,0,,BYLAYER,,12201-RZ,D:\לימודים אקדמיים\מדידות וגיאודזיה\תשפ''ו\סמסטר ב' תשפ''ו\מתמטיקה במדידות\חילוץ מהיר
M1200,LWPOLYLINE,Polygon,2,8,228172.485,726621.486,0,IG05/12,Yes,667.128,9259.18,,0,,BYLAYER,,12201-RZ,D:\לימודים אקדמיים\מדידות וגיאודזיה\תשפ''ו\סמסטר ב' תשפ''ו\מתמטיקה במדידות\חילוץ מהיר
M1200,LWPOLYLINE,Polygon,3,8,228201.915,726472.772,0,IG05/12,Yes,667.128,9259.18,,0,,BYLAYER,,12201-RZ,D:\לימודים אקדמיים\מדידות וגיאודזיה\תשפ''ו\סמסטר ב' תשפ''ו\מתמטיקה במדידות\חילוץ מהיר
M1200,LWPOLYLINE,Polygon,4,8,228236.936,726377.99,0,IG05/12,Yes,667.128,9259.18,,0,,BYLAYER,,12201-RZ,D:\לימודים אקדמיים\מדידות וגיאודזיה\תשפ''ו\סמסטר ב' תשפ''ו\מתמטיקה במדידות\חילוץ מהיר
M1200,LWPOLYLINE,Polygon,5,8,228254.473,726330.526,0,IG05/12,Yes,667.128,9259.18,,0,,BYLAYER,,12201-RZ,D:\לימודים אקדמיים\מדידות וגיאודזיה\תשפ''ו\סמסטר ב' תשפ''ו\מתמטיקה במדידות\חילוץ מהיר
M1200,LWPOLYLINE,Polygon,6,8,228283.211,726341.618,0,IG05/12,Yes,667.128,9259.18,,0,,BYLAYER,,12201-RZ,D:\לימודים אקדמיים\מדידות וגיאודזיה\תשפ''ו\סמסטר ב' תשפ''ו\מתמטיקה במדידות\חילוץ מהיר
M1200,LWPOLYLINE,Polygon,7,8,228265.744,726389.107,0,IG05/12,Yes,667.128,9259.18,,0,,BYLAYER,,12201-RZ,D:\לימודים אקדמיים\מדידות וגיאודזיה\תשפ''ו\סמסטר ב' תשפ''ו\מתמטיקה במדידות\חילוץ מהיר
M1200,LWPOLYLINE,Polygon,0,9,238774.685,740567.406,0,IG05/12,Yes,269.205,3807.53,,0,,BYLAYER,,12537-RZ,D:\לימודים אקדמיים\מדידות וגיאודזיה\תשפ''ו\סמסטר ב' תשפ''ו\מתמטיקה במדידות\חילוץ מהיר
M1200,LWPOLYLINE,Polygon,1,9,238771.011,740586.503,0,IG05/12,Yes,269.205,3807.53,,0,,BYLAYER,,12537-RZ,D:\לימודים אקדמיים\מדידות וגיאודזיה\תשפ''ו\סמסטר ב' תשפ''ו\מתמטיקה במדידות\חילוץ מהיר
M1200,LWPOLYLINE,Polygon,2,9,238678.352,740572.032,0,IG05/12,Yes,269.205,3807.53,,-0.000248,,BYLAYER,,12537-RZ,D:\לימודים אקדמיים\מדידות וגיאודזיה\תשפ''ו\סמסטר ב' תשפ''ו\מתמטיקה במדידות\חילוץ מהיר
M1200,LWPOLYLINE,Polygon,3,9,238678.393,740571.775,0,IG05/12,Yes,269.205,3807.53,,0,,BYLAYER,,12537-RZ,D:\לימודים אקדמיים\מדידות וגיאודזיה\תשפ''ו\סמסטר ב' תשפ''ו\מתמטיקה במדידות\חילוץ מהיר
M1200,LWPOLYLINE,Polygon,4,9,238678.867,740568.785,0,IG05/12,Yes,269.205,3807.53,,-0.004289,,BYLAYER,,12537-RZ,D:\לימודים אקדמיים\מדידות וגיאודזיה\תשפ''ו\סמסטר ב' תשפ''ו\מתמטיקה במדידות\חילוץ מהיר
M1200,LWPOLYLINE,Polygon,5,9,238679.396,740565.255,0,IG05/12,Yes,269.205,3807.53,,0,,BYLAYER,,12537-RZ,D:\לימודים אקדמיים\מדידות וגיאודזיה\תשפ''ו\סמסטר ב' תשפ''ו\מתמטיקה במדידות\חילוץ מהיר
M1200,LWPOLYLINE,Polygon,6,9,238683.758,740534.34,0,IG05/12,Yes,269.205,3807.53,,0,,BYLAYER,,12537-RZ,D:\לימודים אקדמיים\מדידות וגיאודזיה\תשפ''ו\סמסטר ב' תשפ''ו\מתמטיקה במדידות\חילוץ מהיר
M1200,LWPOLYLINE,Polygon,7,9,238750.127,740541.543,0,IG05/12,Yes,269.205,3807.53,,0,,BYLAYER,,12537-RZ,D:\לימודים אקדמיים\מדידות וגיאודזיה\תשפ''ו\סמסטר ב' תשפ''ו\מתמטיקה במדידות\חילוץ מהיר
M1200,LWPOLYLINE,Polygon,8,9,238777.544,740543.964,0,IG05/12,Yes,269.205,3807.53,,0,,BYLAYER,,12537-RZ,D:\לימודים אקדמיים\מדידות וגיאודזיה\תשפ''ו\סמסטר ב' תשפ''ו\מתמטיקה במדידות\חילוץ מהיר
M1200,LWPOLYLINE,Polygon,0,7,226394.63,723863.53,0,IG05/12,Yes,101.68,610.56,,0,,BYLAYER,,12561-RZ,D:\לימודים אקדמיים\מדידות וגיאודזיה\תשפ''ו\סמסטר ב' תשפ''ו\מתמטיקה במדידות\חילוץ מהיר
M1200,LWPOLYLINE,Polygon,1,7,226387.68,723860.71,0,IG05/12,Yes,101.68,610.56,,0,,BYLAYER,,12561-RZ,D:\לימודים אקדמיים\מדידות וגיאודזיה\תשפ''ו\סמסטר ב' תשפ''ו\מתמטיקה במדידות\חילוץ מהיר
M1200,LWPOLYLINE,Polygon,2,7,226377.57,723856.75,0,IG05/12,Yes,101.68,610.56,,0,,BYLAYER,,12561-RZ,D:\לימודים אקדמיים\מדידות וגיאודזיה\תשפ''ו\סמסטר ב' תשפ''ו\מתמטיקה במדידות\חילוץ מהיר
M1200,LWPOLYLINE,Polygon,3,7,226385.542,723826.602,0,IG05/12,Yes,101.68,610.56,,0,,BYLAYER,,12561-RZ,D:\לימודים אקדמיים\מדידות וגיאודזיה\תשפ''ו\סמסטר ב' תשפ''ו\מתמטיקה במדידות\חילוץ מהיר
M1200,LWPOLYLINE,Polygon,4,7,226394.76,723828.87,0,IG05/12,Yes,101.68,610.56,,0,,BYLAYER,,12561-RZ,D:\לימודים אקדמיים\מדידות וגיאודזיה\תשפ''ו\סמסטר ב' תשפ''ו\מתמטיקה במדידות\חילוץ מהיר
M1200,LWPOLYLINE,Polygon,5,7,226403.976,723831.978,0,IG05/12,Yes,101.68,610.56,,0,,BYLAYER,,12561-RZ,D:\לימודים אקדמיים\מדידות וגיאודזיה\תשפ''ו\סמסטר ב' תשפ''ו\מתמטיקה במדידות\חילוץ מהיר
M1200,LWPOLYLINE,Polygon,6,7,226400.67,723844.65,0,IG05/12,Yes,101.68,610.56,,0,,BYLAYER,,12561-RZ,D:\לימודים אקדמיים\מדידות וגיאודזיה\תשפ''ו\סמסטר ב' תשפ''ו\מתמטיקה במדידות\חילוץ מהיר
M1200,LWPOLYLINE,Polygon,0,4,233505.921,719530.168,19.25,IG05/12,Yes,89.406,499.34,,0,,BYLAYER,,12623-RZ,D:\לימודים אקדמיים\מדידות וגיאודזיה\תשפ''ו\סמסטר ב' תשפ''ו\מתמטיקה במדידות\חילוץ מהיר
M1200,LWPOLYLINE,Polygon,1,4,233483.46,719525.954,19.25,IG05/12,Yes,89.406,499.34,,0,,BYLAYER,,12623-RZ,D:\לימודים אקדמיים\מדידות וגיאודזיה\תשפ''ו\סמסטר ב' תשפ''ו\מתמטיקה במדידות\חילוץ מהיר
M1200,LWPOLYLINE,Polygon,2,4,233487.489,719504.479,19.25,IG05/12,Yes,89.406,499.34,,0,,BYLAYER,,12623-RZ,D:\לימודים אקדמיים\מדידות וגיאודזיה\תשפ''ו\סמסטר ב' תשפ''ו\מתמטיקה במדידות\חילוץ מהיר
M1200,LWPOLYLINE,Polygon,3,4,233509.95,719508.693,19.25,IG05/12,Yes,89.406,499.34,,0,,BYLAYER,,12623-RZ,D:\לימודים אקדמיים\מדידות וגיאודזיה\תשפ''ו\סמסטר ב' תשפ''ו\מתמטיקה במדידות\חילוץ מהיר
M1200,LWPOLYLINE,Polygon,0,30,228397.439,724258.772,0,IG05/12,Yes,231.967,3666.76,,0,,BYLAYER,,12630-RZ,D:\לימודים אקדמיים\מדידות וגיאודזיה\תשפ''ו\סמסטר ב' תשפ''ו\מתמטיקה במדידות\חילוץ מהיר
M1200,LWPOLYLINE,Polygon,1,30,228400.496,724256.864,0,IG05/12,Yes,231.967,3666.76,,0,,BYLAYER,,12630-RZ,D:\לימודים אקדמיים\מדידות וגיאודזיה\תשפ''ו\סמסטר ב' תשפ''ו\מתמטיקה במדידות\חילוץ מהיר
M1200,LWPOLYLINE,Polygon,2,30,228403.301,724254.604,0,IG05/12,Yes,231.967,3666.76,,0,,BYLAYER,,12630-RZ,D:\לימודים אקדמיים\מדידות וגיאודזיה\תשפ''ו\סמסטר ב' תשפ''ו\מתמטיקה במדידות\חילוץ מהיר
M1200,LWPOLYLINE,Polygon,3,30,228405.814,724252.025,0,IG05/12,Yes,231.967,3666.76,,0,,BYLAYER,,12630-RZ,D:\לימודים אקדמיים\מדידות וגיאודזיה\תשפ''ו\סמסטר ב' תשפ''ו\מתמטיקה במדידות\חילוץ מהיר
M1200,LWPOLYLINE,Polygon,4,30,228408,724249.163,0,IG05/12,Yes,231.967,3666.76,,0,,BYLAYER,,12630-RZ,D:\לימודים אקדמיים\מדידות וגיאודזיה\תשפ''ו\סמסטר ב' תשפ''ו\מתמטיקה במדידות\חילוץ מהיר
M1200,LWPOLYLINE,Polygon,5,30,228409.822,724246.071,0,IG05/12,Yes,231.967,3666.76,,0,,BYLAYER,,12630-RZ,D:\לימודים אקדמיים\מדידות וגיאודזיה\תשפ''ו\סמסטר ב' תשפ''ו\מתמטיקה במדידות\חילוץ מהיר
M1200,LWPOLYLINE,Polygon,6,30,228411.271,724242.757,0,IG05/12,Yes,231.967,3666.76,,0,,BYLAYER,,12630-RZ,D:\לימודים אקדמיים\מדידות וגיאודזיה\תשפ''ו\סמסטר ב' תשפ''ו\מתמטיקה במדידות\חילוץ מהיר
M1200,LWPOLYLINE,Polygon,7,30,228414.765,724233.057,0,IG05/12,Yes,231.967,3666.76,,0,,BYLAYER,,12630-RZ,D:\לימודים אקדמיים\מדידות וגיאודזיה\תשפ''ו\סמסטר ב' תשפ''ו\מתמטיקה במדידות\חילוץ מהיר
M1200,LWPOLYLINE,Polygon,8,30,228417.901,724223.223,0,IG05/12,Yes,231.967,3666.76,,0,,BYLAYER,,12630-RZ,D:\לימודים אקדמיים\מדידות וגיאודזיה\תשפ''ו\סמסטר ב' תשפ''ו\מתמטיקה במדידות\חילוץ מהיר
M1200,LWPOLYLINE,Polygon,9,30,228420.669,724213.279,0,IG05/12,Yes,231.967,3666.76,,0,,BYLAYER,,12630-RZ,D:\לימודים אקדמיים\מדידות וגיאודזיה\תשפ''ו\סמסטר ב' תשפ''ו\מתמטיקה במדידות\חילוץ מהיר
M1200,LWPOLYLINE,Polygon,10,30,228423.064,724203.251,0,IG05/12,Yes,231.967,3666.76,,0,,BYLAYER,,12630-RZ,D:\לימודים אקדמיים\מדידות וגיאודזיה\תשפ''ו\סמסטר ב' תשפ''ו\מתמטיקה במדידות\חילוץ מהיר
M1200,LWPOLYLINE,Polygon,11,30,228363.564,724191.994,0,IG05/12,Yes,231.967,3666.76,,0,,BYLAYER,,12630-RZ,D:\לימודים אקדמיים\מדידות וגיאודזיה\תשפ''ו\סמסטר ב' תשפ''ו\מתמטיקה במדידות\חילוץ מהיר
M1200,LWPOLYLINE,Polygon,12,30,228356.205,724223.931,0,IG05/12,Yes,231.967,3666.76,,0,,BYLAYER,,12630-RZ,D:\לימודים אקדמיים\מדידות וגיאודזיה\תשפ''ו\סמסטר ב' תשפ''ו\מתמטיקה במדידות\חילוץ מהיר
M1200,LWPOLYLINE,Polygon,13,30,228354.766,724230.174,0,IG05/12,Yes,231.967,3666.76,,0,,BYLAYER,,12630-RZ,D:\לימודים אקדמיים\מדידות וגיאודזיה\תשפ''ו\סמסטר ב' תשפ''ו\מתמטיקה במדידות\חילוץ מהיר
M1200,LWPOLYLINE,Polygon,14,30,228352.087,724241.075,0,IG05/12,Yes,231.967,3666.76,,0,,BYLAYER,,12630-RZ,D:\לימודים אקדמיים\מדידות וגיאודזיה\תשפ''ו\סמסטר ב' תשפ''ו\מתמטיקה במדידות\חילוץ מהיר
M1200,LWPOLYLINE,Polygon,15,30,228351.773,724243.967,0,IG05/12,Yes,231.967,3666.76,,0,,BYLAYER,,12630-RZ,D:\לימודים אקדמיים\מדידות וגיאודזיה\תשפ''ו\סמסטר ב' תשפ''ו\מתמטיקה במדידות\חילוץ מהיר
M1200,LWPOLYLINE,Polygon,16,30,228352.022,724246.863,0,IG05/12,Yes,231.967,3666.76,,0,,BYLAYER,,12630-RZ,D:\לימודים אקדמיים\מדידות וגיאודזיה\תשפ''ו\סמסטר ב' תשפ''ו\מתמטיקה במדידות\חילוץ מהיר
M1200,LWPOLYLINE,Polygon,17,30,228352.83,724249.668,0,IG05/12,Yes,231.967,3666.76,,0,,BYLAYER,,12630-RZ,D:\לימודים אקדמיים\מדידות וגיאודזיה\תשפ''ו\סמסטר ב' תשפ''ו\מתמטיקה במדידות\חילוץ מהיר
M1200,LWPOLYLINE,Polygon,18,30,228354.154,724252.244,0,IG05/12,Yes,231.967,3666.76,,0,,BYLAYER,,12630-RZ,D:\לימודים אקדמיים\מדידות וגיאודזיה\תשפ''ו\סמסטר ב' תשפ''ו\מתמטיקה במדידות\חילוץ מהיר
M1200,LWPOLYLINE,Polygon,19,30,228355.966,724254.505,0,IG05/12,Yes,231.967,3666.76,,0,,BYLAYER,,12630-RZ,D:\לימודים אקדמיים\מדידות וגיאודזיה\תשפ''ו\סמסטר ב' תשפ''ו\מתמטיקה במדידות\חילוץ מהיר
M1200,LWPOLYLINE,Polygon,20,30,228358.182,724256.378,0,IG05/12,Yes,231.967,3666.76,,0,,BYLAYER,,12630-RZ,D:\לימודים אקדמיים\מדידות וגיאודזיה\תשפ''ו\סמסטר ב' תשפ''ו\מתמטיקה במדידות\חילוץ מהיר
M1200,LWPOLYLINE,Polygon,21,30,228360.713,724257.787,0,IG05/12,Yes,231.967,3666.76,,0,,BYLAYER,,12630-RZ,D:\לימודים אקדמיים\מדידות וגיאודזיה\תשפ''ו\סמסטר ב' תשפ''ו\מתמטיקה במדידות\חילוץ מהיר
M1200,LWPOLYLINE,Polygon,22,30,228363.474,724258.685,0,IG05/12,Yes,231.967,3666.76,,0,,BYLAYER,,12630-RZ,D:\לימודים אקדמיים\מדידות וגיאודזיה\תשפ''ו\סמסטר ב' תשפ''ו\מתמטיקה במדידות\חילוץ מהיר
M1200,LWPOLYLINE,Polygon,23,30,228376.495,724261.599,0,IG05/12,Yes,231.967,3666.76,,0,,BYLAYER,,12630-RZ,D:\לימודים אקדמיים\מדידות וגיאודזיה\תשפ''ו\סמסטר ב' תשפ''ו\מתמטיקה במדידות\חילוץ מהיר
M1200,LWPOLYLINE,Polygon,24,30,228380.042,724262.156,0,IG05/12,Yes,231.967,3666.76,,0,,BYLAYER,,12630-RZ,D:\לימודים אקדמיים\מדידות וגיאודזיה\תשפ''ו\סמסטר ב' תשפ''ו\מתמטיקה במדידות\חילוץ מהיר
M1200,LWPOLYLINE,Polygon,25,30,228383.628,724262.299,0,IG05/12,Yes,231.967,3666.76,,0,,BYLAYER,,12630-RZ,D:\לימודים אקדמיים\מדידות וגיאודזיה\תשפ''ו\סמסטר ב' תשפ''ו\מתמטיקה במדידות\חילוץ מהיר
M1200,LWPOLYLINE,Polygon,26,30,228387.216,724262.026,0,IG05/12,Yes,231.967,3666.76,,0,,BYLAYER,,12630-RZ,D:\לימודים אקדמיים\מדידות וגיאודזיה\תשפ''ו\סמסטר ב' תשפ''ו\מתמטיקה במדידות\חילוץ מהיר
M1200,LWPOLYLINE,Polygon,27,30,228390.74,724261.34,0,IG05/12,Yes,231.967,3666.76,,0,,BYLAYER,,12630-RZ,D:\לימודים אקדמיים\מדידות וגיאודזיה\תשפ''ו\סמסטר ב' תשפ''ו\מתמטיקה במדידות\חילוץ מהיר
M1200,LWPOLYLINE,Polygon,28,30,228394.167,724260.25,0,IG05/12,Yes,231.967,3666.76,,0,,BYLAYER,,12630-RZ,D:\לימודים אקדמיים\מדידות וגיאודזיה\תשפ''ו\סמסטר ב' תשפ''ו\מתמטיקה במדידות\חילוץ מהיר
M1200,LWPOLYLINE,Polygon,29,30,228397.44,724258.772,0,IG05/12,Yes,231.967,3666.76,,0,,BYLAYER,,12630-RZ,D:\לימודים אקדמיים\מדידות וגיאודזיה\תשפ''ו\סמסטר ב' תשפ''ו\מתמטיקה במדידות\חילוץ מהיר
M1200,LWPOLYLINE,Polygon,0,17,210446.551,768611.167,0,IG05/12,Yes,416.812,7492.93,,0,,BYLAYER,,12662-RZ,D:\לימודים אקדמיים\מדידות וגיאודזיה\תשפ''ו\סמסטר ב' תשפ''ו\מתמטיקה במדידות\חילוץ מהיר
M1200,LWPOLYLINE,Polygon,1,17,210446.371,768605.24,0,IG05/12,Yes,416.812,7492.93,,0,,BYLAYER,,12662-RZ,D:\לימודים אקדמיים\מדידות וגיאודזיה\תשפ''ו\סמסטר ב' תשפ''ו\מתמטיקה במדידות\חילוץ מהיר
M1200,LWPOLYLINE,Polygon,2,17,210403.447,768606.567,0,IG05/12,Yes,416.812,7492.93,,0,,BYLAYER,,12662-RZ,D:\לימודים אקדמיים\מדידות וגיאודזיה\תשפ''ו\סמסטר ב' תשפ''ו\מתמטיקה במדידות\חילוץ מהיר
M1200,LWPOLYLINE,Polygon,3,17,210402.456,768571.524,0,IG05/12,Yes,416.812,7492.93,,0,,BYLAYER,,12662-RZ,D:\לימודים אקדמיים\מדידות וגיאודזיה\תשפ''ו\סמסטר ב' תשפ''ו\מתמטיקה במדידות\חילוץ מהיר
M1200,LWPOLYLINE,Polygon,4,17,210391.576,768561.281,0,IG05/12,Yes,416.812,7492.93,,0,,BYLAYER,,12662-RZ,D:\לימודים אקדמיים\מדידות וגיאודזיה\תשפ''ו\סמסטר ב' תשפ''ו\מתמטיקה במדידות\חילוץ מהיר
M1200,LWPOLYLINE,Polygon,5,17,210338.533,768562.913,0,IG05/12,Yes,416.812,7492.93,,0,,BYLAYER,,12662-RZ,D:\לימודים אקדמיים\מדידות וגיאודזיה\תשפ''ו\סמסטר ב' תשפ''ו\מתמטיקה במדידות\חילוץ מהיר
M1200,LWPOLYLINE,Polygon,6,17,210339.872,768606.912,0,IG05/12,Yes,416.812,7492.93,,0,,BYLAYER,,12662-RZ,D:\לימודים אקדמיים\מדידות וגיאודזיה\תשפ''ו\סמסטר ב' תשפ''ו\מתמטיקה במדידות\חילוץ מהיר
M1200,LWPOLYLINE,Polygon,7,17,210340.101,768614.409,0,IG05/12,Yes,416.812,7492.93,,0,,BYLAYER,,12662-RZ,D:\לימודים אקדמיים\מדידות וגיאודזיה\תשפ''ו\סמסטר ב' תשפ''ו\מתמטיקה במדידות\חילוץ מהיר
M1200,LWPOLYLINE,Polygon,8,17,210340.694,768633.899,0,IG05/12,Yes,416.812,7492.93,,0,,BYLAYER,,12662-RZ,D:\לימודים אקדמיים\מדידות וגיאודזיה\תשפ''ו\סמסטר ב' תשפ''ו\מתמטיקה במדידות\חילוץ מהיר
M1200,LWPOLYLINE,Polygon,9,17,210341.617,768664.199,0,IG05/12,Yes,416.812,7492.93,,0,,BYLAYER,,12662-RZ,D:\לימודים אקדמיים\מדידות וגיאודזיה\תשפ''ו\סמסטר ב' תשפ''ו\מתמטיקה במדידות\חילוץ מהיר
M1200,LWPOLYLINE,Polygon,10,17,210341.82,768670.863,0,IG05/12,Yes,416.812,7492.93,,0,,BYLAYER,,12662-RZ,D:\לימודים אקדמיים\מדידות וגיאודזיה\תשפ''ו\סמסטר ב' תשפ''ו\מתמטיקה במדידות\חילוץ מהיר
M1200,LWPOLYLINE,Polygon,11,17,210346.671,768670.717,0,IG05/12,Yes,416.812,7492.93,,0,,BYLAYER,,12662-RZ,D:\לימודים אקדמיים\מדידות וגיאודזיה\תשפ''ו\סמסטר ב' תשפ''ו\מתמטיקה במדידות\חילוץ מהיר
M1200,LWPOLYLINE,Polygon,12,17,210394.865,768669.266,0,IG05/12,Yes,416.812,7492.93,,0,,BYLAYER,,12662-RZ,D:\לימודים אקדמיים\מדידות וגיאודזיה\תשפ''ו\סמסטר ב' תשפ''ו\מתמטיקה במדידות\חילוץ מהיר
M1200,LWPOLYLINE,Polygon,13,17,210405.061,768658.422,0,IG05/12,Yes,416.812,7492.93,,0,,BYLAYER,,12662-RZ,D:\לימודים אקדמיים\מדידות וגיאודזיה\תשפ''ו\סמסטר ב' תשפ''ו\מתמטיקה במדידות\חילוץ מהיר
M1200,LWPOLYLINE,Polygon,14,17,210404.003,768623.647,0,IG05/12,Yes,416.812,7492.93,,0,,BYLAYER,,12662-RZ,D:\לימודים אקדמיים\מדידות וגיאודזיה\תשפ''ו\סמסטר ב' תשפ''ו\מתמטיקה במדידות\חילוץ מהיר
M1200,LWPOLYLINE,Polygon,15,17,210446.893,768622.378,0,IG05/12,Yes,416.812,7492.93,,0,,BYLAYER,,12662-RZ,D:\לימודים אקדמיים\מדידות וגיאודזיה\תשפ''ו\סמסטר ב' תשפ''ו\מתמטיקה במדידות\חילוץ מהיר
M1200,LWPOLYLINE,Polygon,16,17,210446.551,768611.167,0,IG05/12,Yes,416.812,7492.93,,0,,BYLAYER,,12662-RZ,D:\לימודים אקדמיים\מדידות וגיאודזיה\תשפ''ו\סמסטר ב' תשפ''ו\מתמטיקה במדידות\חילוץ מהיר
M1200,LWPOLYLINE,Polygon,0,25,224865.049,718007.734,0,IG05/12,Yes,527.467,9029.85,,0,,BYLAYER,,12664-RZ,D:\לימודים אקדמיים\מדידות וגיאודזיה\תשפ''ו\סמסטר ב' תשפ''ו\מתמטיקה במדידות\חילוץ מהיר
M1200,LWPOLYLINE,Polygon,1,25,224861.69,717992.13,0,IG05/12,Yes,527.467,9029.85,,0,,BYLAYER,,12664-RZ,D:\לימודים אקדמיים\מדידות וגיאודזיה\תשפ''ו\סמסטר ב' תשפ''ו\מתמטיקה במדידות\חילוץ מהיר
M1200,LWPOLYLINE,Polygon,2,25,224646.559,718039.56,0,IG05/12,Yes,527.467,9029.85,,0,,BYLAYER,,12664-RZ,D:\לימודים אקדמיים\מדידות וגיאודזיה\תשפ''ו\סמסטר ב' תשפ''ו\מתמטיקה במדידות\חילוץ מהיר
M1200,LWPOLYLINE,Polygon,3,25,224655.097,718079.621,0,IG05/12,Yes,527.467,9029.85,,0,,BYLAYER,,12664-RZ,D:\לימודים אקדמיים\מדידות וגיאודזיה\תשפ''ו\סמסטר ב' תשפ''ו\מתמטיקה במדידות\חילוץ מהיר
M1200,LWPOLYLINE,Polygon,4,25,224811.22,718045.072,0,IG05/12,Yes,527.467,9029.85,,0,,BYLAYER,,12664-RZ,D:\לימודים אקדמיים\מדידות וגיאודזיה\תשפ''ו\סמסטר ב' תשפ''ו\מתמטיקה במדידות\חילוץ מהיר
M1200,LWPOLYLINE,Polygon,5,25,224825.2,718062.561,0,IG05/12,Yes,527.467,9029.85,,0,,BYLAYER,,12664-RZ,D:\לימודים אקדמיים\מדידות וגיאודזיה\תשפ''ו\סמסטר ב' תשפ''ו\מתמטיקה במדידות\חילוץ מהיר
M1200,LWPOLYLINE,Polygon,6,25,224825.488,718062.384,0,IG05/12,Yes,527.467,9029.85,,0,,BYLAYER,,12664-RZ,D:\לימודים אקדמיים\מדידות וגיאודזיה\תשפ''ו\סמסטר ב' תשפ''ו\מתמטיקה במדידות\חילוץ מהיר
M1200,LWPOLYLINE,Polygon,7,25,224825.773,718062.202,0,IG05/12,Yes,527.467,9029.85,,0,,BYLAYER,,12664-RZ,D:\לימודים אקדמיים\מדידות וגיאודזיה\תשפ''ו\סמסטר ב' תשפ''ו\מתמטיקה במדידות\חילוץ מהיר
M1200,LWPOLYLINE,Polygon,8,25,224826.053,718062.013,0,IG05/12,Yes,527.467,9029.85,,0,,BYLAYER,,12664-RZ,D:\לימודים אקדמיים\מדידות וגיאודזיה\תשפ''ו\סמסטר ב' תשפ''ו\מתמטיקה במדידות\חילוץ מהיר
M1200,LWPOLYLINE,Polygon,9,25,224826.329,718061.818,0,IG05/12,Yes,527.467,9029.85,,0,,BYLAYER,,12664-RZ,D:\לימודים אקדמיים\מדידות וגיאודזיה\תשפ''ו\סמסטר ב' תשפ''ו\מתמטיקה במדידות\חילוץ מהיר
M1200,LWPOLYLINE,Polygon,10,25,224826.601,718061.616,0,IG05/12,Yes,527.467,9029.85,,0,,BYLAYER,,12664-RZ,D:\לימודים אקדמיים\מדידות וגיאודזיה\תשפ''ו\סמסטר ב' תשפ''ו\מתמטיקה במדידות\חילוץ מהיר
M1200,LWPOLYLINE,Polygon,11,25,224826.868,718061.409,0,IG05/12,Yes,527.467,9029.85,,0,,BYLAYER,,12664-RZ,D:\לימודים אקדמיים\מדידות וגיאודזיה\תשפ''ו\סמסטר ב' תשפ''ו\מתמטיקה במדידות\חילוץ מהיר
M1200,LWPOLYLINE,Polygon,12,25,224827.131,718061.196,0,IG05/12,Yes,527.467,9029.85,,0,,BYLAYER,,12664-RZ,D:\לימודים אקדמיים\מדידות וגיאודזיה\תשפ''ו\סמסטר ב' תשפ''ו\מתמטיקה במדידות\חילוץ מהיר
M1200,LWPOLYLINE,Polygon,13,25,224827.388,718060.977,0,IG05/12,Yes,527.467,9029.85,,0,,BYLAYER,,12664-RZ,D:\לימודים אקדמיים\מדידות וגיאודזיה\תשפ''ו\סמסטר ב' תשפ''ו\מתמטיקה במדידות\חילוץ מהיר
M1200,LWPOLYLINE,Polygon,14,25,224827.641,718060.753,0,IG05/12,Yes,527.467,9029.85,,0,,BYLAYER,,12664-RZ,D:\לימודים אקדמיים\מדידות וגיאודזיה\תשפ''ו\סמסטר ב' תשפ''ו\מתמטיקה במדידות\חילוץ מהיר
M1200,LWPOLYLINE,Polygon,15,25,224827.889,718060.523,0,IG05/12,Yes,527.467,9029.85,,0,,BYLAYER,,12664-RZ,D:\לימודים אקדמיים\מדידות וגיאודזיה\תשפ''ו\סמסטר ב' תשפ''ו\מתמטיקה במדידות\חילוץ מהיר
M1200,LWPOLYLINE,Polygon,16,25,224828.131,718060.287,0,IG05/12,Yes,527.467,9029.85,,0,,BYLAYER,,12664-RZ,D:\לימודים אקדמיים\מדידות וגיאודזיה\תשפ''ו\סמסטר ב' תשפ''ו\מתמטיקה במדידות\חילוץ מהיר
M1200,LWPOLYLINE,Polygon,17,25,224828.369,718060.046,0,IG05/12,Yes,527.467,9029.85,,0,,BYLAYER,,12664-RZ,D:\לימודים אקדמיים\מדידות וגיאודזיה\תשפ''ו\סמסטר ב' תשפ''ו\מתמטיקה במדידות\חילוץ מהיר
M1200,LWPOLYLINE,Polygon,18,25,224828.6,718059.8,0,IG05/12,Yes,527.467,9029.85,,0,,BYLAYER,,12664-RZ,D:\לימודים אקדמיים\מדידות וגיאודזיה\תשפ''ו\סמסטר ב' תשפ''ו\מתמטיקה במדידות\חילוץ מהיר
M1200,LWPOLYLINE,Polygon,19,25,224828.827,718059.549,0,IG05/12,Yes,527.467,9029.85,,0,,BYLAYER,,12664-RZ,D:\לימודים אקדמיים\מדידות וגיאודזיה\תשפ''ו\סמסטר ב' תשפ''ו\מתמטיקה במדידות\חילוץ מהיר
M1200,LWPOLYLINE,Polygon,20,25,224829.048,718059.293,0,IG05/12,Yes,527.467,9029.85,,0,,BYLAYER,,12664-RZ,D:\לימודים אקדמיים\מדידות וגיאודזיה\תשפ''ו\סמסטר ב' תשפ''ו\מתמטיקה במדידות\חילוץ מהיר
M1200,LWPOLYLINE,Polygon,21,25,224829.263,718059.032,0,IG05/12,Yes,527.467,9029.85,,0,,BYLAYER,,12664-RZ,D:\לימודים אקדמיים\מדידות וגיאודזיה\תשפ''ו\סמסטר ב' תשפ''ו\מתמטיקה במדידות\חילוץ מהיר
M1200,LWPOLYLINE,Polygon,22,25,224829.472,718058.766,0,IG05/12,Yes,527.467,9029.85,,0,,BYLAYER,,12664-RZ,D:\לימודים אקדמיים\מדידות וגיאודזיה\תשפ''ו\סמסטר ב' תשפ''ו\מתמטיקה במדידות\חילוץ מהיר
M1200,LWPOLYLINE,Polygon,23,25,224829.675,718058.496,0,IG05/12,Yes,527.467,9029.85,,0,,BYLAYER,,12664-RZ,D:\לימודים אקדמיים\מדידות וגיאודזיה\תשפ''ו\סמסטר ב' תשפ''ו\מתמטיקה במדידות\חילוץ מהיר
M1200,LWPOLYLINE,Polygon,24,25,224865.049,718007.734,0,IG05/12,Yes,527.467,9029.85,,0,,BYLAYER,,12664-RZ,D:\לימודים אקדמיים\מדידות וגיאודזיה\תשפ''ו\סמסטר ב' תשפ''ו\מתמטיקה במדידות\חילוץ מהיר
M1200,LWPOLYLINE,Polygon,0,11,213836.28,775364.745,0,IG05/12,Yes,145.684,1324.56,,0,,BYLAYER,,12718-19017-65-RZ,D:\לימודים אקדמיים\מדידות וגיאודזיה\תשפ''ו\סמסטר ב' תשפ''ו\מתמטיקה במדידות\חילוץ מהיר
M1200,LWPOLYLINE,Polygon,1,11,213844.154,775331.57,0,IG05/12,Yes,145.684,1324.56,,0,,BYLAYER,,12718-19017-65-RZ,D:\לימודים אקדמיים\מדידות וגיאודזיה\תשפ''ו\סמסטר ב' תשפ''ו\מתמטיקה במדידות\חילוץ מהיר
M1200,LWPOLYLINE,Polygon,2,11,213827.902,775328.547,0,IG05/12,Yes,145.684,1324.56,,0,,BYLAYER,,12718-19017-65-RZ,D:\לימודים אקדמיים\מדידות וגיאודזיה\תשפ''ו\סמסטר ב' תשפ''ו\מתמטיקה במדידות\חילוץ מהיר
M1200,LWPOLYLINE,Polygon,3,11,213821.366,775327.159,0,IG05/12,Yes,145.684,1324.56,,0,,BYLAYER,,12718-19017-65-RZ,D:\לימודים אקדמיים\מדידות וגיאודזיה\תשפ''ו\סמסטר ב' תשפ''ו\מתמטיקה במדידות\חילוץ מהיר
M1200,LWPOLYLINE,Polygon,4,11,213817.755,775326.392,0,IG05/12,Yes,145.684,1324.56,,0,,BYLAYER,,12718-19017-65-RZ,D:\לימודים אקדמיים\מדידות וגיאודזיה\תשפ''ו\סמסטר ב' תשפ''ו\מתמטיקה במדידות\חילוץ מהיר
M1200,LWPOLYLINE,Polygon,5,11,213816.273,775325.995,0,IG05/12,Yes,145.684,1324.56,,0,,BYLAYER,,12718-19017-65-RZ,D:\לימודים אקדמיים\מדידות וגיאודזיה\תשפ''ו\סמסטר ב' תשפ''ו\מתמטיקה במדידות\חילוץ מהיר
M1200,LWPOLYLINE,Polygon,6,11,213803.97,775364.6,0,IG05/12,Yes,145.684,1324.56,,0,,BYLAYER,,12718-19017-65-RZ,D:\לימודים אקדמיים\מדידות וגיאודזיה\תשפ''ו\סמסטר ב' תשפ''ו\מתמטיקה במדידות\חילוץ מהיר
M1200,LWPOLYLINE,Polygon,7,11,213813.65,775371.994,0,IG05/12,Yes,145.684,1324.56,,0,,BYLAYER,,12718-19017-65-RZ,D:\לימודים אקדמיים\מדידות וגיאודזיה\תשפ''ו\סמסטר ב' תשפ''ו\מתמטיקה במדידות\חילוץ מהיר
M1200,LWPOLYLINE,Polygon,8,11,213830.123,775373.824,0,IG05/12,Yes,145.684,1324.56,,0,,BYLAYER,,12718-19017-65-RZ,D:\לימודים אקדמיים\מדידות וגיאודזיה\תשפ''ו\סמסטר ב' תשפ''ו\מתמטיקה במדידות\חילוץ מהיר
M1200,LWPOLYLINE,Polygon,9,11,213834.219,775374.279,0,IG05/12,Yes,145.684,1324.56,,0,,BYLAYER,,12718-19017-65-RZ,D:\לימודים אקדמיים\מדידות וגיאודזיה\תשפ''ו\סמסטר ב' תשפ''ו\מתמטיקה במדידות\חילוץ מהיר
M1200,LWPOLYLINE,Polygon,10,11,213836.28,775364.745,0,IG05/12,Yes,145.684,1324.56,,0,,BYLAYER,,12718-19017-65-RZ,D:\לימודים אקדמיים\מדידות וגיאודזיה\תשפ''ו\סמסטר ב' תשפ''ו\מתמטיקה במדידות\חילוץ מהיר
M1200,LWPOLYLINE,Polygon,0,4,228055.017,723468.675,0,IG05/12,Yes,142.001,1217.77,,0,,BYLAYER,,12719-RZ,D:\לימודים אקדמיים\מדידות וגיאודזיה\תשפ''ו\סמסטר ב' תשפ''ו\מתמטיקה במדידות\חילוץ מהיר
M1200,LWPOLYLINE,Polygon,1,4,228079.874,723461.762,0,IG05/12,Yes,142.001,1217.77,,0,,BYLAYER,,12719-RZ,D:\לימודים אקדמיים\מדידות וגיאודזיה\תשפ''ו\סמסטר ב' תשפ''ו\מתמטיקה במדידות\חילוץ מהיר
M1200,LWPOLYLINE,Polygon,2,4,228097.427,723495.385,0,IG05/12,Yes,142.001,1217.77,,0,,BYLAYER,,12719-RZ,D:\לימודים אקדמיים\מדידות וגיאודזיה\תשפ''ו\סמסטר ב' תשפ''ו\מתמטיקה במדידות\חילוץ מהיר
M1200,LWPOLYLINE,Polygon,3,4,228066.877,723511.005,0,IG05/12,Yes,142.001,1217.77,,0,,BYLAYER,,12719-RZ,D:\לימודים אקדמיים\מדידות וגיאודזיה\תשפ''ו\סמסטר ב' תשפ''ו\מתמטיקה במדידות\חילוץ מהיר
M1200,LWPOLYLINE,Polygon,0,5,230743.515,726320.984,0,IG05/12,Yes,121.689,912.44,,-0.07305,,BYLAYER,,12731-RZ,D:\לימודים אקדמיים\מדידות וגיאודזיה\תשפ''ו\סמסטר ב' תשפ''ו\מתמטיקה במדידות\חילוץ מהיר
M1200,LWPOLYLINE,Polygon,1,5,230743.471,726296.834,0,IG05/12,Yes,121.689,912.44,,0,,BYLAYER,,12731-RZ,D:\לימודים אקדמיים\מדידות וגיאודזיה\תשפ''ו\סמסטר ב' תשפ''ו\מתמטיקה במדידות\חילוץ מהיר
M1200,LWPOLYLINE,Polygon,2,5,230775.469,726292.812,0,IG05/12,Yes,121.689,912.44,,0,,BYLAYER,,12731-RZ,D:\לימודים אקדמיים\מדידות וגיאודזיה\תשפ''ו\סמסטר ב' תשפ''ו\מתמטיקה במדידות\חילוץ מהיר
M1200,LWPOLYLINE,Polygon,3,5,230776.446,726309.634,0,IG05/12,Yes,121.689,912.44,,0,,BYLAYER,,12731-RZ,D:\לימודים אקדמיים\מדידות וגיאודזיה\תשפ''ו\סמסטר ב' תשפ''ו\מתמטיקה במדידות\חילוץ מהיר
M1200,LWPOLYLINE,Polygon,4,5,230777.288,726324.13,0,IG05/12,Yes,121.689,912.44,,0,,BYLAYER,,12731-RZ,D:\לימודים אקדמיים\מדידות וגיאודזיה\תשפ''ו\סמסטר ב' תשפ''ו\מתמטיקה במדידות\חילוץ מהיר
M1200,LWPOLYLINE,Polygon,0,7,210167.88,730261.02,0,IG05/12,Yes,262.985,2507.43,,0,,BYLAYER,,12745-RZ,D:\לימודים אקדמיים\מדידות וגיאודזיה\תשפ''ו\סמסטר ב' תשפ''ו\מתמטיקה במדידות\חילוץ מהיר
M1200,LWPOLYLINE,Polygon,1,7,210131.383,730158.949,0,IG05/12,Yes,262.985,2507.43,,0,,BYLAYER,,12745-RZ,D:\לימודים אקדמיים\מדידות וגיאודזיה\תשפ''ו\סמסטר ב' תשפ''ו\מתמטיקה במדידות\חילוץ מהיר
M1200,LWPOLYLINE,Polygon,2,7,210115.891,730164.541,0,IG05/12,Yes,262.985,2507.43,,0,,BYLAYER,,12745-RZ,D:\לימודים אקדמיים\מדידות וגיאודזיה\תשפ''ו\סמסטר ב' תשפ''ו\מתמטיקה במדידות\חילוץ מהיר
M1200,LWPOLYLINE,Polygon,3,7,210109.524,730166.839,0,IG05/12,Yes,262.985,2507.43,,0,,BYLAYER,,12745-RZ,D:\לימודים אקדמיים\מדידות וגיאודזיה\תשפ''ו\סמסטר ב' תשפ''ו\מתמטיקה במדידות\חילוץ מהיר
M1200,LWPOLYLINE,Polygon,4,7,210146.17,730268.75,0,IG05/12,Yes,262.985,2507.43,,0,,BYLAYER,,12745-RZ,D:\לימודים אקדמיים\מדידות וגיאודזיה\תשפ''ו\סמסטר ב' תשפ''ו\מתמטיקה במדידות\חילוץ מהיר
M1200,LWPOLYLINE,Polygon,5,7,210152.84,730266.37,0,IG05/12,Yes,262.985,2507.43,,0,,BYLAYER,,12745-RZ,D:\לימודים אקדמיים\מדידות וגיאודזיה\תשפ''ו\סמסטר ב' תשפ''ו\מתמטיקה במדידות\חילוץ מהיר
M1200,LWPOLYLINE,Polygon,6,7,210167.88,730261.02,0,IG05/12,Yes,262.985,2507.43,,0,,BYLAYER,,12745-RZ,D:\לימודים אקדמיים\מדידות וגיאודזיה\תשפ''ו\סמסטר ב' תשפ''ו\מתמטיקה במדידות\חילוץ מהיר
M1200,LWPOLYLINE,Polygon,0,7,239614.026,740261.853,0,IG05/12,Yes,1375.996,26382.26,,0,,BYLAYER,,12842-RZ,D:\לימודים אקדמיים\מדידות וגיאודזיה\תשפ''ו\סמסטר ב' תשפ''ו\מתמטיקה במדידות\חילוץ מהיר
M1200,LWPOLYLINE,Polygon,1,7,239645.357,740288.68,0,IG05/12,Yes,1375.996,26382.26,,0,,BYLAYER,,12842-RZ,D:\לימודים אקדמיים\מדידות וגיאודזיה\תשפ''ו\סמסטר ב' תשפ''ו\מתמטיקה במדידות\חילוץ מהיר
M1200,LWPOLYLINE,Polygon,2,7,239888.735,739799.421,0,IG05/12,Yes,1375.996,26382.26,,0,,BYLAYER,,12842-RZ,D:\לימודים אקדמיים\מדידות וגיאודזיה\תשפ''ו\סמסטר ב' תשפ''ו\מתמטיקה במדידות\חילוץ מהיר
M1200,LWPOLYLINE,Polygon,3,7,239952.405,739726.048,0,IG05/12,Yes,1375.996,26382.26,,0,,BYLAYER,,12842-RZ,D:\לימודים אקדמיים\מדידות וגיאודזיה\תשפ''ו\סמסטר ב' תשפ''ו\מתמטיקה במדידות\חילוץ מהיר
M1200,LWPOLYLINE,Polygon,4,7,239918.181,739695.608,0,IG05/12,Yes,1375.996,26382.26,,0,,BYLAYER,,12842-RZ,D:\לימודים אקדמיים\מדידות וגיאודזיה\תשפ''ו\סמסטר ב' תשפ''ו\מתמטיקה במדידות\חילוץ מהיר
M1200,LWPOLYLINE,Polygon,5,7,239869.728,739747.819,0,IG05/12,Yes,1375.996,26382.26,,0,,BYLAYER,,12842-RZ,D:\לימודים אקדמיים\מדידות וגיאודזיה\תשפ''ו\סמסטר ב' תשפ''ו\מתמטיקה במדידות\חילוץ מהיר
M1200,LWPOLYLINE,Polygon,6,7,239614.026,740261.853,0,IG05/12,Yes,1375.996,26382.26,,0,,BYLAYER,,12842-RZ,D:\לימודים אקדמיים\מדידות וגיאודזיה\תשפ''ו\סמסטר ב' תשפ''ו\מתמטיקה במדידות\חילוץ מהיר
M1200,LWPOLYLINE,Polygon,0,8,206242.7,726346.57,0,IG05/12,Yes,365.168,4171.71,,0,,BYLAYER,,12853-RZ,D:\לימודים אקדמיים\מדידות וגיאודזיה\תשפ''ו\סמסטר ב' תשפ''ו\מתמטיקה במדידות\חילוץ מהיר
M1200,LWPOLYLINE,Polygon,1,8,206251.06,726369.89,0,IG05/12,Yes,365.168,4171.71,,0,,BYLAYER,,12853-RZ,D:\לימודים אקדמיים\מדידות וגיאודזיה\תשפ''ו\סמסטר ב' תשפ''ו\מתמטיקה במדידות\חילוץ מהיר
M1200,LWPOLYLINE,Polygon,2,8,206252.86,726374.9,0,IG05/12,Yes,365.168,4171.71,,0,,BYLAYER,,12853-RZ,D:\לימודים אקדמיים\מדידות וגיאודזיה\תשפ''ו\סמסטר ב' תשפ''ו\מתמטיקה במדידות\חילוץ מהיר
M1200,LWPOLYLINE,Polygon,3,8,206316,726369.49,0,IG05/12,Yes,365.168,4171.71,,0,,BYLAYER,,12853-RZ,D:\לימודים אקדמיים\מדידות וגיאודזיה\תשפ''ו\סמסטר ב' תשפ''ו\מתמטיקה במדידות\חילוץ מהיר
M1200,LWPOLYLINE,Polygon,4,8,206314.77,726366.59,0,IG05/12,Yes,365.168,4171.71,,0,,BYLAYER,,12853-RZ,D:\לימודים אקדמיים\מדידות וגיאודזיה\תשפ''ו\סמסטר ב' תשפ''ו\מתמטיקה במדידות\חילוץ מהיר
M1200,LWPOLYLINE,Polygon,5,8,206404.36,726358.92,0,IG05/12,Yes,365.168,4171.71,,0,,BYLAYER,,12853-RZ,D:\לימודים אקדמיים\מדידות וגיאודזיה\תשפ''ו\סמסטר ב' תשפ''ו\מתמטיקה במדידות\חילוץ מהיר
M1200,LWPOLYLINE,Polygon,6,8,206392.85,726333.49,0,IG05/12,Yes,365.168,4171.71,,0,,BYLAYER,,12853-RZ,D:\לימודים אקדמיים\מדידות וגיאודזיה\תשפ''ו\סמסטר ב' תשפ''ו\מתמטיקה במדידות\חילוץ מהיר
M1200,LWPOLYLINE,Polygon,7,8,206242.7,726346.57,0,IG05/12,Yes,365.168,4171.71,,0,,BYLAYER,,12853-RZ,D:\לימודים אקדמיים\מדידות וגיאודזיה\תשפ''ו\סמסטר ב' תשפ''ו\מתמטיקה במדידות\חילוץ מהיר
M1200,LWPOLYLINE,Polygon,0,7,224956.69,717821.16,0,IG05/12,Yes,557.19,8882.04,,0,,BYLAYER,,12854-RZ,D:\לימודים אקדמיים\מדידות וגיאודזיה\תשפ''ו\סמסטר ב' תשפ''ו\מתמטיקה במדידות\חילוץ מהיר
M1200,LWPOLYLINE,Polygon,1,7,224944.99,717848.35,0,IG05/12,Yes,557.19,8882.04,,0,,BYLAYER,,12854-RZ,D:\לימודים אקדמיים\מדידות וגיאודזיה\תשפ''ו\סמסטר ב' תשפ''ו\מתמטיקה במדידות\חילוץ מהיר
M1200,LWPOLYLINE,Polygon,2,7,225079.57,718042.52,0,IG05/12,Yes,557.19,8882.04,,0,,BYLAYER,,12854-RZ,D:\לימודים אקדמיים\מדידות וגיאודזיה\תשפ''ו\סמסטר ב' תשפ''ו\מתמטיקה במדידות\חילוץ מהיר
M1200,LWPOLYLINE,Polygon,3,7,225095.09,718003.8,0,IG05/12,Yes,557.19,8882.04,,0,,BYLAYER,,12854-RZ,D:\לימודים אקדמיים\מדידות וגיאודזיה\תשפ''ו\סמסטר ב' תשפ''ו\מתמטיקה במדידות\חילוץ מהיר
M1200,LWPOLYLINE,Polygon,4,7,225097.12,718001.35,0,IG05/12,Yes,557.19,8882.04,,0,,BYLAYER,,12854-RZ,D:\לימודים אקדמיים\מדידות וגיאודזיה\תשפ''ו\סמסטר ב' תשפ''ו\מתמטיקה במדידות\חילוץ מהיר
M1200,LWPOLYLINE,Polygon,5,7,224964.249,717809.996,0,IG05/12,Yes,557.19,8882.04,,0,,BYLAYER,,12854-RZ,D:\לימודים אקדמיים\מדידות וגיאודזיה\תשפ''ו\סמסטר ב' תשפ''ו\מתמטיקה במדידות\חילוץ מהיר
M1200,LWPOLYLINE,Polygon,6,7,224956.69,717821.16,0,IG05/12,Yes,557.19,8882.04,,0,,BYLAYER,,12854-RZ,D:\לימודים אקדמיים\מדידות וגיאודזיה\תשפ''ו\סמסטר ב' תשפ''ו\מתמטיקה במדידות\חילוץ מהיר
M1200,LWPOLYLINE,Polygon,0,5,227347.951,724013.107,0,IG05/12,Yes,87.8,426.14,,0,,BYLAYER,,12862-RZ,D:\לימודים אקדמיים\מדידות וגיאודזיה\תשפ''ו\סמסטר ב' תשפ''ו\מתמטיקה במדידות\חילוץ מהיר
M1200,LWPOLYLINE,Polygon,1,5,227338.85,724025.03,0,IG05/12,Yes,87.8,426.14,,0,,BYLAYER,,12862-RZ,D:\לימודים אקדמיים\מדידות וגיאודזיה\תשפ''ו\סמסטר ב' תשפ''ו\מתמטיקה במדידות\חילוץ מהיר
M1200,LWPOLYLINE,Polygon,2,5,227359.928,724040.925,0,IG05/12,Yes,87.8,426.14,,0,,BYLAYER,,12862-RZ,D:\לימודים אקדמיים\מדידות וגיאודזיה\תשפ''ו\סמסטר ב' תשפ''ו\מתמטיקה במדידות\חילוץ מהיר
M1200,LWPOLYLINE,Polygon,3,5,227372.502,724032.034,0,IG05/12,Yes,87.8,426.14,,0,,BYLAYER,,12862-RZ,D:\לימודים אקדמיים\מדידות וגיאודזיה\תשפ''ו\סמסטר ב' תשפ''ו\מתמטיקה במדידות\חילוץ מהיר
M1200,LWPOLYLINE,Polygon,4,5,227347.951,724013.107,0,IG05/12,Yes,87.8,426.14,,0,,BYLAYER,,12862-RZ,D:\לימודים אקדמיים\מדידות וגיאודזיה\תשפ''ו\סמסטר ב' תשפ''ו\מתמטיקה במדידות\חילוץ מהיר
M1200,LWPOLYLINE,Polygon,0,10,215664.964,734306.809,0,IG05/12,Yes,93.741,312.76,,0,,BYLAYER,,12863-RZ,D:\לימודים אקדמיים\מדידות וגיאודזיה\תשפ''ו\סמסטר ב' תשפ''ו\מתמטיקה במדידות\חילוץ מהיר
M1200,LWPOLYLINE,Polygon,1,10,215645.183,734295.016,0,IG05/12,Yes,93.741,312.76,,0,,BYLAYER,,12863-RZ,D:\לימודים אקדמיים\מדידות וגיאודזיה\תשפ''ו\סמסטר ב' תשפ''ו\מתמטיקה במדידות\חילוץ מהיר
M1200,LWPOLYLINE,Polygon,2,10,215653.307,734281.283,0,IG05/12,Yes,93.741,312.76,,0,,BYLAYER,,12863-RZ,D:\לימודים אקדמיים\מדידות וגיאודזיה\תשפ''ו\סמסטר ב' תשפ''ו\מתמטיקה במדידות\חילוץ מהיר
M1200,LWPOLYLINE,Polygon,3,10,215657.359,734283.68,0,IG05/12,Yes,93.741,312.76,,0,,BYLAYER,,12863-RZ,D:\לימודים אקדמיים\מדידות וגיאודזיה\תשפ''ו\סמסטר ב' תשפ''ו\מתמטיקה במדידות\חילוץ מהיר
M1200,LWPOLYLINE,Polygon,4,10,215655.384,734287.079,0,IG05/12,Yes,93.741,312.76,,0,,BYLAYER,,12863-RZ,D:\לימודים אקדמיים\מדידות וגיאודזיה\תשפ''ו\סמסטר ב' תשפ''ו\מתמטיקה במדידות\חילוץ מהיר
M1200,LWPOLYLINE,Polygon,5,10,215661.143,734290.425,0,IG05/12,Yes,93.741,312.76,,0,,BYLAYER,,12863-RZ,D:\לימודים אקדמיים\מדידות וגיאודזיה\תשפ''ו\סמסטר ב' תשפ''ו\מתמטיקה במדידות\חילוץ מהיר
M1200,LWPOLYLINE,Polygon,6,10,215660.476,734291.573,0,IG05/12,Yes,93.741,312.76,,0,,BYLAYER,,12863-RZ,D:\לימודים אקדמיים\מדידות וגיאודזיה\תשפ''ו\סמסטר ב' תשפ''ו\מתמטיקה במדידות\חילוץ מהיר
M1200,LWPOLYLINE,Polygon,7,10,215667.216,734295.44,0,IG05/12,Yes,93.741,312.76,,0,,BYLAYER,,12863-RZ,D:\לימודים אקדמיים\מדידות וגיאודזיה\תשפ''ו\סמסטר ב' תשפ''ו\מתמטיקה במדידות\חילוץ מהיר
M1200,LWPOLYLINE,Polygon,8,10,215671.051,734288.753,0,IG05/12,Yes,93.741,312.76,,0,,BYLAYER,,12863-RZ,D:\לימודים אקדמיים\מדידות וגיאודזיה\תשפ''ו\סמסטר ב' תשפ''ו\מתמטיקה במדידות\חילוץ מהיר
M1200,LWPOLYLINE,Polygon,9,10,215674.484,734290.723,0,IG05/12,Yes,93.741,312.76,,0,,BYLAYER,,12863-RZ,D:\לימודים אקדמיים\מדידות וגיאודזיה\תשפ''ו\סמסטר ב' תשפ''ו\מתמטיקה במדידות\חילוץ מהיר
M1200,LWPOLYLINE,Polygon,0,12,226316.991,722730.239,0,IG05/12,Yes,52.803,155.84,,0,,BYLAYER,,BNEAN-YD-SARA-RZ,D:\לימודים אקדמיים\מדידות וגיאודזיה\תשפ''ו\סמסטר ב' תשפ''ו\מתמטיקה במדידות\חילוץ מהיר
M1200,LWPOLYLINE,Polygon,1,12,226302.199,722731.981,0,IG05/12,Yes,52.803,155.84,,0,,BYLAYER,,BNEAN-YD-SARA-RZ,D:\לימודים אקדמיים\מדידות וגיאודזיה\תשפ''ו\סמסטר ב' תשפ''ו\מתמטיקה במדידות\חילוץ מהיר
M1200,LWPOLYLINE,Polygon,2,12,226301.531,722726.257,0,IG05/12,Yes,52.803,155.84,,0,,BYLAYER,,BNEAN-YD-SARA-RZ,D:\לימודים אקדמיים\מדידות וגיאודזיה\תשפ''ו\סמסטר ב' תשפ''ו\מתמטיקה במדידות\חילוץ מהיר
M1200,LWPOLYLINE,Polygon,3,12,226302.027,722726.199,0,IG05/12,Yes,52.803,155.84,,0,,BYLAYER,,BNEAN-YD-SARA-RZ,D:\לימודים אקדמיים\מדידות וגיאודזיה\תשפ''ו\סמסטר ב' תשפ''ו\מתמטיקה במדידות\חילוץ מהיר
M1200,LWPOLYLINE,Polygon,4,12,226301.958,722725.603,0,IG05/12,Yes,52.803,155.84,,0,,BYLAYER,,BNEAN-YD-SARA-RZ,D:\לימודים אקדמיים\מדידות וגיאודזיה\תשפ''ו\סמסטר ב' תשפ''ו\מתמטיקה במדידות\חילוץ מהיר
M1200,LWPOLYLINE,Polygon,5,12,226301.461,722725.661,0,IG05/12,Yes,52.803,155.84,,0,,BYLAYER,,BNEAN-YD-SARA-RZ,D:\לימודים אקדמיים\מדידות וגיאודזיה\תשפ''ו\סמסטר ב' תשפ''ו\מתמטיקה במדידות\חילוץ מהיר
M1200,LWPOLYLINE,Polygon,6,12,226300.979,722721.54,0,IG05/12,Yes,52.803,155.84,,0,,BYLAYER,,BNEAN-YD-SARA-RZ,D:\לימודים אקדמיים\מדידות וגיאודזיה\תשפ''ו\סמסטר ב' תשפ''ו\מתמטיקה במדידות\חילוץ מהיר
M1200,LWPOLYLINE,Polygon,7,12,226315.801,722719.829,0,IG05/12,Yes,52.803,155.84,,0,,BYLAYER,,BNEAN-YD-SARA-RZ,D:\לימודים אקדמיים\מדידות וגיאודזיה\תשפ''ו\סמסטר ב' תשפ''ו\מתמטיקה במדידות\חילוץ מהיר
M1200,LWPOLYLINE,Polygon,8,12,226316.272,722723.952,0,IG05/12,Yes,52.803,155.84,,0,,BYLAYER,,BNEAN-YD-SARA-RZ,D:\לימודים אקדמיים\מדידות וגיאודזיה\תשפ''ו\סמסטר ב' תשפ''ו\מתמטיקה במדידות\חילוץ מהיר
M1200,LWPOLYLINE,Polygon,9,12,226315.775,722724.009,0,IG05/12,Yes,52.803,155.84,,0,,BYLAYER,,BNEAN-YD-SARA-RZ,D:\לימודים אקדמיים\מדידות וגיאודזיה\תשפ''ו\סמסטר ב' תשפ''ו\מתמטיקה במדידות\חילוץ מהיר
M1200,LWPOLYLINE,Polygon,10,12,226315.843,722724.605,0,IG05/12,Yes,52.803,155.84,,0,,BYLAYER,,BNEAN-YD-SARA-RZ,D:\לימודים אקדמיים\מדידות וגיאודזיה\תשפ''ו\סמסטר ב' תשפ''ו\מתמטיקה במדידות\חילוץ מהיר
M1200,LWPOLYLINE,Polygon,11,12,226316.34,722724.549,0,IG05/12,Yes,52.803,155.84,,0,,BYLAYER,,BNEAN-YD-SARA-RZ,D:\לימודים אקדמיים\מדידות וגיאודזיה\תשפ''ו\סמסטר ב' תשפ''ו\מתמטיקה במדידות\חילוץ מהיר
